"","C","CS","FL","I","IGP","NMF","PGP","PI","TM","WUE"
"1",-0.152942701411551,-0.636930714198693,-1.21392423917532,-1.81513531993865,-1.56458218022204,-2.27706541477261,0.645386157394069,0.552137657611836,0.313776164254247,0.330187874589701
"2",-0.0788255452443569,0.628364593380548,-0.0741478372637377,0.656522042480309,0.00689127217546082,-0.881358003219839,0.241116188102697,0.263714087872969,1.69699374029287,0.252034075947333
"3",-0.182524215632906,-1.38322569538048,-1.0644275976192,-0.0299686405547847,-0.0704876417686331,-0.858765010143973,0.000769844690872284,-0.879770548176892,0.794550617677493,0.769563846162578
"4",0.610349464008875,-1.41325338396189,-0.937473917553356,0.634315931728389,-1.13549791645939,-0.474212610773855,-1.18734702816784,-0.194179942441434,0.817352805022484,-0.266662058977356
"5",-1.51369849569741,-1.32654303989796,-0.55846665826231,-0.0903253674718979,1.02367281443911,0.919457900540516,-0.0497896275282152,-1.18626040986525,0.175488142046096,-0.967397850816805
"6",-0.0313702863333059,-0.0201490431972975,0.375604775881072,0.736590180349652,0.723537272254739,-0.34683867433544,0.428668223230969,0.0560895935027846,-0.253170443100065,-1.28901544403201
"7",-0.211176568700561,-0.888115389591457,0.199595984278337,-1.41862570081844,-1.92834029999281,0.673027937696369,-0.8357631861105,-0.907545089226747,-0.677407608615782,-0.72677034637311
"8",-1.54929371932529,-0.00285345927960029,-1.30286503813107,2.6450564846266,-0.0500872498731028,2.17597469459143,0.530143590985138,-0.842144404217022,-0.618192973595358,-0.78888446256997
"9",-0.831487667164568,-1.48604669916563,0.229739267482231,-0.452251591159325,-2.0075293105054,0.486108869997503,-1.82727618285352,-1.0646761208732,-1.35654501343758,-1.3481563159859
"10",-1.3868151565015,0.00653904149556393,-1.17995575421494,-0.381034262725457,0.106210802378895,-0.721729566058402,1.83977768124395,0.871061883560582,0.490466319951894,0.857003115215209
"11",-0.20249180605787,0.155249490250301,-1.55003974313247,-0.326729503456102,0.12338248052172,-1.44414677787547,-1.95375455682858,-1.55329844551029,0.407180438230277,-0.972951914810152
"12",-0.406522551617073,-0.560763353620779,0.100678256637984,-1.71622030983067,-1.65509937431018,-0.383448536511334,-1.07441729292312,-0.339298585249121,-1.60067411036468,-2.42649701250131
"13",1.66805414619345,-0.0496771544592294,1.04698524387227,0.616275722044502,-0.177576865761415,0.966029083099817,1.65148333783832,0.186050376221216,0.793227415447505,0.643231067459612
"14",0.805342059625493,-0.0444803154245504,-0.0584418932638136,0.347861112549257,0.594946825795805,0.603589321621251,-0.889784845691982,-0.469676965986103,0.315054718083195,-0.475068315604676
"15",0.0180180218835346,1.35571330353271,-1.31914270643722,-0.467619551102604,0.333540251772468,-1.30888992899924,-0.649265925406415,0.83242820839558,0.879287645542796,1.04188315581441
"16",-0.454422795116635,1.69856537533449,-1.89228627379041,0.353765817015954,-0.666771843944795,-0.0371337651613804,-0.819118665428729,1.81901342341447,-0.825145585693101,-0.830511658778825
"17",0.0617619806938248,0.514135580751187,1.89310811198145,0.253186438466314,0.470643612535094,1.36728357935902,0.819229179799672,-0.976414767339692,-0.578338763483819,-2.01231302242806
"18",0.561907199820489,1.81386341292145,0.479655000011051,3.20728071961503,1.82738886100322,1.4550056444387,2.14695964145487,1.16088057005807,-0.797983116056991,1.48047701792989
"19",1.06587367501972,1.23087877648531,1.25379392842667,0.0444721643583164,2.1400578771518,0.991989648911868,-0.742187721208575,2.61141990279955,1.37226834110737,1.41553760555246
"20",-2.50129839336314,-0.588114594319981,-0.562531357641311,-0.88808123322127,-0.888458630521291,-0.169462268031134,-0.0795470209475772,-0.683582240548575,-0.0765378053800165,-0.175158188062204
"21",-0.758188468609508,-0.051220744201461,-0.675234749363379,-1.00804583255076,0.112356266928437,-0.9217845742101,1.34972062366809,1.93727451882165,1.91096968667413,-0.0881774484761421
"22",1.89336560908976,-0.00348771641998047,1.54931542243386,1.00738298926041,0.704225826093244,1.38182565402197,0.245464334220914,1.02160148488843,2.1666001806279,-1.33840825703838
"23",0.137299393014036,-1.61506299089589,-0.606474294804748,-1.13910307903872,0.353201226427389,-0.0162717985542398,0.518919104016252,1.22262853353873,1.88139047753383,-0.586880510309815
"24",-0.0678707224142113,-0.853163213143841,-0.290743399993492,-1.66623815658812,-1.80387955426116,-1.44792319924071,0.853293680799512,0.875770437080353,-0.289839900864356,0.0340254993282679
"25",-1.42835738892639,1.78863848316937,-1.18668252770979,-0.722751431602698,-1.49109665560695,-2.47672406227494,-2.51699073562613,1.65190769564188,0.0647917915730206,-1.55657334354417
"26",0.494043265721839,0.823652366595037,-0.281904788351189,-0.779685047403852,0.352031276946517,0.0504721683182963,0.329576781235621,1.69913220406458,-0.844017015154614,1.04449687460928
"27",-1.0619122655189,-0.181774530814304,2.52889414852222,0.904083347392901,-0.42879958231636,0.481640258709314,0.699723781281941,0.963066829857458,-0.731174564225133,-1.10472498570367
"28",1.06233905743606,0.989424947289716,1.8266950223794,-0.80540344186183,1.6813429839147,0.887500246771032,1.08870331321249,0.255753746679467,-0.28951374459193,1.82077114399804
"29",-2.33465640819344,0.798990158454089,-0.828522336671228,0.541138702263684,0.421381125188952,-0.559606465601732,0.862257564871459,-0.390132783461995,-0.931428541997202,0.158072357385109
"30",0.711409906066339,-0.362933207474499,0.437538783512502,1.31412097151654,-0.220475888875946,2.10514775653473,1.13659022430855,-0.839753686120014,-0.220415672412696,-0.688704388583903
"31",1.06690600510306,0.0575646029962409,0.00416532838319555,0.545215682836349,-1.05080761022886,-0.100990484028095,0.752175945231128,-2.65676511398468,-0.983939639437655,0.55440231695431
"32",0.347659350560798,-1.23915496958778,-0.729358142658808,-0.163159430026329,-0.216335399813297,0.136379817770783,0.47638949795743,-0.924788190849202,-1.41671683280899,0.0598772996094178
"33",-0.303092328548277,-1.3015078835563,-0.940012508427077,-0.179136911543917,-0.319780072821178,-0.734954180082967,0.506452418449688,-0.796841665190896,0.23800016532649,-1.58178913002073
"34",1.13471521915514,1.70138320420611,1.18065654353954,0.182722508789599,1.18920312458688,-1.41540769160166,-2.28448651732818,-0.631775999403912,0.92691483285206,0.239192796513883
"35",-0.692812377236736,0.771111746286896,0.196013550723288,-0.0598316461530773,-1.45214085558538,0.678899345036315,0.0297914887783604,-0.408315005278444,0.197329120514562,-0.629783665042695
"36",1.25286000560199,0.945656433821362,0.950293329951598,0.786100780725905,1.13227473555486,0.852603053490234,0.356688254868358,0.813911188061736,0.93500932304984,0.331219239097709
"37",1.55426077256214,-1.39163852565789,-0.27095648508305,-0.699580195097508,0.665610162220791,0.207384770750504,0.586994893274799,0.390188803876107,1.57845081479209,0.350266356945233
"38",0.0612175612572398,0.367675701281241,1.63151490500293,1.13510368743772,-0.309044939596591,0.110249585242843,1.06006345229884,0.682651923661912,-0.0859657344368141,0.272536949238829
"39",-0.601580239728113,1.97497694110081,1.57287925646629,0.140069311756225,2.38424382748573,2.08687012445378,-0.205680140164351,2.60916845055404,1.3762358712751,0.213374049788092
"40",-0.287028258370544,1.61247330287229,0.994411352039022,-0.210906915206684,0.0728399161993106,0.730069910481621,0.802519621816011,-1.82115816763572,-0.611096853076689,-0.755989251623158
"41",-0.871888371901468,-0.717984229121836,-1.37167953065943,0.13930175264369,0.742434676548853,1.19916744695314,-0.514357022943023,-0.641320642984051,-0.750335826571499,0.613806746019966
"42",-0.4421525916474,0.666777238950563,0.619906120351224,0.96007375635372,0.241912083104522,0.46204146109296,-0.215938463504349,-1.21498080188359,1.15701881107727,-0.873372949567412
"43",-2.00534503807984,0.326295077959689,-2.12233971996802,0.170099939652772,0.103262499718561,0.370394645586275,0.00887605590931673,-0.625061020952734,-0.8654427788379,0.5728104214357
"44",-1.21891955472482,1.29150845189877,-1.67507918182129,1.01771552720958,2.34758873876121,1.32137229902241,-1.10719905651989,0.891537458471915,-0.507332471044259,0.0611193866974909
"45",1.28790992156908,0.488085147347762,0.682795744120152,0.502600584476813,0.890213128971544,-0.202412366805627,-0.941940429891745,0.438967156005342,0.36003594539049,2.47103618260526
"46",0.696325590195537,0.398907506392526,-1.26638558440063,-1.33570648103052,1.00196838195062,-1.21326146845825,-1.16013296727298,-0.226614851762526,-0.252275083325458,0.551191439337722
"47",-0.684084953794015,-0.797658172359952,-0.946605065941434,0.683252081998786,0.808254623366714,0.724495460225883,0.534517654007508,1.45059904485204,1.47079408998535,-0.0792515861754536
"48",-0.0873629218911281,-0.534706445801016,0.334109442045665,-0.774806994336964,-0.122465008619506,-0.283376500527885,-1.9175083567824,-1.56386639718638,-1.302645293032,-1.34220287224747
"49",-0.732033894679364,0.0644350528134673,-0.470326762164075,1.75173220766437,0.412137734509269,-0.169141133729295,0.526207387277395,0.0398620664052383,0.0483725735836718,0.252455887544868
"50",-2.45974813179232,0.850410928288493,-0.39616413810839,-1.20045002314205,1.10306476390969,-2.0967701618839,-0.472854637949388,-0.825601870842165,-0.143168522452653,1.38904927217682
"51",0.397434389279342,-1.27086500514406,0.321392156642928,-0.774130917941199,-0.71630042212951,1.38505182446558,1.52289559727794,0.0956622131825645,-0.382730293530175,-1.43205685894674
"52",1.52948322860612,1.50732382498791,0.20381232803988,-0.324071277812963,0.4011876286596,0.105547446511798,0.0255114745299603,0.169756796683482,-0.669376966501495,1.51281172612185
"53",0.229229404757449,-1.07317408696106,-1.43903108090052,-0.904491205451115,-0.293565729177687,-0.645547754726478,-0.899320904800258,-0.933634842594588,-1.60727577402464,-0.492040643115047
"54",0.298383406080346,0.347347999649819,-1.07354240633081,-0.45616003057382,0.19343551441676,-1.69061063260072,0.04017416350501,-0.325326081824404,-0.246616870132157,-0.19161340700134
"55",-1.44603474805165,1.86158828818216,-0.242375874414438,-0.63911116343621,-0.12023933295734,-1.0524074054555,2.32771220612504,0.200585937379449,0.181432149319237,-0.142686734526106
"56",-1.05769681437364,-0.417759183011425,0.485402594734492,-0.81174971963499,0.888753201693281,-1.19345154591217,-0.687097554840063,-0.607612005685152,0.0900797687721984,0.735905609827071
"57",-1.74104838619457,0.207693675613679,0.0886049772285054,-2.11349702696541,-0.620244293212199,-0.11043257063427,-0.399603682986126,1.70796399595788,1.30883399719784,-1.03705453061391
"58",0.608341136415513,-1.02542296301641,0.642717428208418,0.26405085876125,-1.79648526270325,-0.353644219321574,1.31494696984947,-1.62544045595897,1.54000506954723,0.308899935219638
"59",-1.18941149599785,1.72303065865873,1.47856928322867,2.02304692143366,2.38697116938542,1.13133947141402,1.11333977103477,2.18501372773246,1.25897028975641,1.92920717898609
"60",0.946377181924657,-1.17245387420828,1.1648036843956,-0.508551904944186,-1.84538913418963,0.0567284776158204,1.08459160469062,-0.0980131259799952,-0.268112577087074,0.328728829093099
"61",0.00164679979113255,-0.169170309070983,-0.0709294958924692,0.508209116979813,0.172231524827225,0.34652851002017,-0.84468545810703,0.574903291347071,1.20673598948773,-0.408237491764917
"62",-0.594657655477799,0.656436284964942,-0.152102665680013,-0.741294673885399,-0.278396191634515,0.419478874519819,0.978347838456566,0.132037627067721,0.236449977144553,-0.774381700122098
"63",-0.97071865486531,1.60485949415993,-0.53441265070995,-0.389603941492853,-1.27091222630148,-0.614518304420656,0.803144088773625,-0.000210531539060366,1.20851412391002,-1.2060920677141
"64",0.681051248014406,0.809669170872643,-1.06082411871159,-1.54870263361756,-1.15550073005274,0.612419836831987,-0.27715387737924,-0.474790127410413,-0.876953884225835,-2.06347118128087
"65",0.374007708111779,-1.49087690442734,-0.911330868158333,0.973602032522261,1.94344398588217,3.85138464436428,-1.39008989403318,-1.56402371210123,-0.272257814230588,-0.422575597895281
"66",0.689986683927266,-0.940539212455393,-0.207397683194769,-0.0465128379149907,-2.49603541535428,1.29920001128681,0.66370070747318,-1.22684751582193,-0.874982104859252,-1.75674295054233
"67",0.780407954662071,1.65037684827323,-0.00887475131738275,-0.519454185395407,0.724610703337578,-1.46802294423239,0.0948551556824388,-0.500352889113155,-1.46593145587131,-0.286250238981531
"68",0.62191018135433,0.536095337974941,-0.657855638280694,-0.185659850102784,0.5697484058984,0.398027956115831,-1.56154810918729,-1.18300730820318,-1.39371321398561,-2.35357538708117
"69",-0.445063898541427,-0.665751150772941,0.438557136489472,-0.282889299007207,-1.11262114991579,-0.832453659585661,-0.713841182566232,-1.29304189063223,0.0644023028146213,0.155448954148965
"70",0.598401623535909,-0.121924162014954,0.729240553865566,0.181095886938757,0.64991063544836,-1.13258237755612,-1.59316140741347,-0.963189386926926,-1.55270258497716,-0.900491349629902
"71",0.657959410325148,-1.64819715832602,0.233619915387902,0.371317488403352,0.348600758568779,0.279802591583887,0.120168365550556,-0.961583048503994,2.36945131999494,1.58705830620959
"72",-0.172073953462504,-1.0143057844673,-1.54835387391568,-0.193147551597202,0.449150059208154,0.664684564763417,0.88422485333706,-0.398095861156241,0.573989547016147,0.37656460166263
"73",-0.40503726543948,-0.611362967068352,0.40407856498622,0.0585340698320974,-0.812546699895502,0.958813297377587,-0.15033241406871,-0.438642882063616,-0.036484901802876,-1.71999070112499
"74",2.06004470723189,-1.11629481261174,2.30256086786143,0.17766396457583,-0.115144287015887,1.76482844474424,0.667635456027173,0.979551639292967,-0.673903067854893,-0.757253271856577
"75",-0.53091998650249,0.28110073922243,0.376912467809798,-0.431571812970749,0.0847782469520212,0.831010811624823,0.893198535223211,-0.199132722728164,1.23778233699722,0.11305275875006
"76",0.479394509207168,0.349082623105754,0.597797233222478,-1.25514591532158,-1.22451103968463,-0.839623047815214,-1.31501881945999,1.41566595017493,0.0602174614754062,-0.0457298505997828
"77",-0.771985359700925,0.464001823706829,-1.870521408793,-0.195004513888963,-0.755611884749352,-0.655157690207005,-1.48142218875574,0.501078993330082,0.799679765708974,0.218934368215277
"78",-0.762855038869364,1.17943549622608,0.889519242542939,-0.164910707460078,0.184166230920001,1.01213629945457,-1.22661916092787,0.547354070872965,-1.89099360829968,-1.29243807590545
"79",-0.167883221123608,1.47741010570477,-0.370335770529771,0.375557753135936,1.51351954364683,1.29188546896401,1.15023467165379,-0.0703565520371204,-0.899104025783604,0.159215445162111
"80",-1.31378008212817,0.636740012566464,0.930523875436935,0.68444761339476,0.738480357434955,0.735212390180153,0.0608765366054011,2.06580500407529,1.28156869184352,-0.446313133817307
"81",-0.634869899064841,-0.10460862851425,-0.936235375901528,-0.962182902115225,-1.23681417347714,-0.979199742777712,-0.484151087770469,-1.17809167221242,-0.782852683260034,0.237631857136684
"82",-1.58555757239489,-0.14817907593085,-0.127498070477947,0.396511566239252,-0.955799613025317,0.327483944218322,1.39604769511641,0.439081695362591,-0.432898649262674,0.217987774642914
"83",-0.124611275726421,-1.46776592510584,1.15924609212584,0.368980399123271,-0.436786565275856,1.45025651990213,-0.416147079705405,-0.530953755142128,-0.520603107050074,-0.349478159194077
"84",0.333939456161302,-1.35047265414532,0.688258617667559,2.08308825154762,-1.5797060595056,1.20928524054037,-0.061512457924686,0.425929163276023,0.645563961744584,-1.3783727741114
"85",0.435186347655351,-1.71149978588242,-1.20093604300396,1.24405776426237,1.95638744848337,0.134383920746594,0.159971686543636,0.694591063236518,1.05252162853043,0.92339671335693
"86",-1.26728199065438,-0.12148431236382,1.18611417262003,0.665692237844639,-0.927617877845164,0.239051554725551,-0.517137073242772,-1.49742853118118,-1.4334210313566,0.708715443870063
"87",-0.631337572389687,-0.503994180009042,-1.66328334959994,0.0167879436504683,1.15181895527932,0.439221209693292,-1.56673749862333,-0.340956591396265,0.839024790791229,1.39888707206138
"88",-0.418126954167494,0.4197539439719,0.665289251017785,1.87674362192742,0.305521654399432,-0.274931829155148,1.15166599875486,-2.27749314628939,0.363127844678164,-1.24447931155177
"89",-0.688071223243189,-0.000644844128937463,-0.364690953648432,-0.693981680546054,-0.880681302588696,1.62240577323059,-1.00962427626342,0.512532772636645,-1.41381936770023,-0.888842078973575
"90",0.87356333625031,-0.0698743833105881,-0.455845382274809,-0.686711514603461,-1.2715229904961,-0.87100569802425,0.826954969274328,0.215530813540082,-0.275695145205603,-0.981792633616354
"91",-0.657395151817807,0.505340680648682,-0.42798405860514,0.0181218037029625,-0.851081631549786,-0.213889116277063,-0.45616250475241,-0.0585635789043598,-1.81982977800063,-1.76327868752607
"92",0.29053717556768,0.652898128085507,1.53669204109615,1.47932739642439,-0.674013758877277,-1.07768496689281,-0.29362205247617,0.686531951308192,0.303939785905947,0.10388910085597
"93",-0.428780764873135,0.21329981929817,-0.954516913116479,0.516352590428299,-0.630058827132696,-0.417743574304014,-1.47820852204911,-0.381359845664227,-0.542635056361853,0.75873073118857
"94",-1.34116242397696,0.502297419845277,-0.385787924981782,-0.4783817247098,-0.14250388995528,-0.502509554236641,0.194552519372145,-1.02108328400954,-0.990716176785509,-2.19185725301515
"95",0.910502593646061,-0.625601022568666,0.349941354190026,-0.413964761868399,1.59563526116483,1.05331367220681,0.999649824987568,0.904735870031775,0.657964359106608,-0.603610286262489
"96",-0.35646286683734,-1.62788633502842,0.365193279444585,1.29856575491548,0.798300314875734,-0.423215307636412,-0.447709255307497,0.62679849136638,1.48790222252249,0.787411342098697
"97",-0.0935197908009295,-0.477938206020746,1.18073085196529,0.298687770002987,1.00664064228279,-0.752002747581413,1.34159522542113,-0.253366938296606,1.26947953803976,1.10464702522726
"98",-0.465934204293494,-0.110211075823748,-1.07906565689495,0.672748461271324,1.98820457906105,-0.176463828091075,-0.17493377928493,0.640359392430236,2.16645283685836,1.71148546827516
"99",2.1518492329803,-1.88230132097642,1.54790510810324,1.11313263127951,-1.25338397999828,1.04737164676812,-0.935409020830372,-0.521248997258934,-0.463615774366207,-1.11509584411797
"100",-0.594679470552238,-0.418521599421593,-1.23639664106534,-1.02561594168549,-1.3666606518148,-2.3249452574243,0.929164797725184,-0.302738289019364,1.67252975005049,1.63261566561655
"101",-1.04046493086132,-0.517701382478705,-0.44827347983435,-0.971055822467481,0.029327343649515,0.180211345874934,-0.881909559847328,-1.21467096231522,-0.364368784670441,-1.24264479862619
"102",0.627171865554197,0.627137633209678,-0.496054813934328,1.27882934228458,-1.86783763135228,-0.657430612340453,-0.240670076786441,0.992493479438409,-0.732147110483054,-2.62794421513064
"103",0.014579280116925,0.555929995330263,0.719651141503605,0.305638585927239,0.946430246676753,0.570733896827485,-1.0928520617498,1.51994274062438,0.759400153033654,0.210946213548284
"104",-1.38367834513633,-1.00137431410981,-1.02490501964103,-1.25685048689995,-0.223682747649995,-1.29656438529221,-1.78047869460927,-0.2864341208956,-0.68495737206713,-0.83893633970459
"105",0.431174216968645,-0.880669431889044,1.20133538319405,-0.357807245843702,0.183590234870286,0.815784146296164,-0.412924528203507,0.107350638075592,0.681461590199485,0.826990887916971
"106",1.49174586908376,0.453758522993235,-1.26553640256509,-0.764013983629143,0.418547265019098,-0.488970866365077,-0.742647586534987,0.670033201566804,1.32071743302095,-1.54837221600125
"107",0.683212947108452,-0.468112498867466,0.545483451925447,-0.35412573018787,-0.287686242730657,2.08041329982219,0.736335053969999,-0.561446444737701,-0.504884641464631,0.436555483747158
"108",-0.615598516146161,0.399854413569281,-0.722146918198098,-0.0424569940691533,0.887063840714705,0.333688671978734,-0.138859370881134,1.30487987912623,-0.973861137277331,0.149305561249729
"109",1.756930150068,-1.31026428919453,0.70697388603906,-0.238228501196436,-0.394450452385953,-0.75262256600951,-0.535803617074241,0.363298382129272,-0.412552533731839,-0.123741391781643
"110",1.04454566747393,-1.44438778528321,1.81733421682024,-0.747028869616783,-0.0585759828220332,0.24539361101398,0.662175436906419,-1.51935663274201,1.10604037817292,-2.10529032246236
"111",-0.342848401206858,-0.407148665818858,0.335154073473237,0.0477685766664642,0.571447401506342,1.27136322899128,1.35957718936397,-1.4472413583272,-1.36341306590534,-0.141865461605382
"112",1.09265362264476,-1.00434622561668,-0.747223538027444,-0.335922272608048,-0.431988915246972,0.130974901346568,-0.47452943889695,0.774880187028884,0.138264490103678,0.277292994720569
"113",0.209816325307894,0.787164495051653,-0.83892840191554,0.0375860378410069,0.637079415793646,-1.16502737803445,-0.696226474665661,1.80726568668974,1.00118712636692,0.509534140719692
"114",0.0944768306856431,-1.34588095153916,0.637196886935079,-0.115972966045967,-0.386149969680472,-0.00611231889776041,0.375220296815925,2.15903784018491,1.04618227465414,0.103335685807925
"115",1.08063151390008,0.6941569358358,-0.631381430518683,0.0010255487381029,1.69588538740018,1.06324344542339,0.141777350054269,0.81437569400851,2.1561262943253,0.296715228022492
"116",-0.405315247172325,0.602406165026579,-0.822402844704796,0.844202764256039,0.544247727377438,0.653860458554358,-0.726283638116723,0.338639386811216,0.575964088907165,-0.152427589627801
"117",2.04714293482735,-0.132802456048215,-1.0142775193053,-0.0882460897692868,0.152841476198901,0.636267767058629,1.64437867543763,-0.830384442086849,0.746180749516494,-0.427381728086851
"118",-2.56516124578588,-1.0016853021155,-2.32550929811524,-0.986260012082808,-1.21489031624661,-1.20513510990895,-1.42885111017213,-0.399036944201746,-1.27270179826312,-1.00172393317463
"119",-0.517600385834796,0.579954894252232,0.456211147512418,0.92809920402518,1.27083993304317,-0.670049767248254,1.20772989453809,-0.188038067464195,1.58012262769283,1.1762065079508
"120",0.920895743550832,-0.669838532576071,-0.71468895281035,-1.43390674409902,-0.924207836479999,0.253896030561397,-0.0682186442844573,-0.491162594806129,2.13380680785525,0.208341171996281
"121",0.0612653390926131,0.936507537499435,-0.248811367317784,1.84444576551647,1.38679344397186,0.843263054604852,0.269512135896344,2.00850912204739,0.222985874180975,-0.0651680271315015
"122",1.07958327775647,-0.828709172554121,0.281358942945965,1.23275179062204,0.110217595146365,-0.923654173667334,0.702393214345753,2.29851851616829,1.19507758852258,1.89240854342976
"123",-0.846111392577811,0.0269701602619375,0.382391720959524,-0.387014339948525,-0.34295897916216,-1.26211932216079,2.17099125057223,-1.13524516251311,0.5481119591806,0.493502997812415
"124",0.226095671369173,1.07520082238053,-0.5651736057345,0.717921806198856,0.956410363400646,0.63420914501879,0.981919110179155,0.302168701452513,0.346156554668889,0.273281214485163
"125",0.100004303454713,-0.834760793446402,0.208138454230237,-0.171731844138595,0.19440212368118,0.980515881974573,-0.0704825275743612,-0.508628309404105,-0.214998683404985,-0.177077823917596
"126",-0.32756260796592,-0.511015081586718,-1.07755975577756,1.37845560891872,0.928078728970797,-0.18311634717061,0.71139659324224,1.2671982611427,0.0628169262903382,-0.589930002984198
"127",0.730610066448701,0.138339786851941,-0.398594578158351,0.551977725441477,0.769815645341569,0.929575259488442,1.33468958999467,0.397285663196028,-0.50238742281552,-0.670964953600636
"128",0.84410861023577,1.07773490218551,1.64655217201598,0.871988773199636,0.886955506725532,0.100029356767931,0.607683369952116,1.3478821730313,1.40370220929894,1.22213088706743
"129",-0.0254204550963444,0.137338140607315,0.0447733697628247,1.00892647961237,2.06540061307488,0.486809395008372,0.976464020522966,1.37795105185142,-0.00342183387208672,-0.652516327598512
"130",-0.118639009975737,-0.549547780519972,0.408549248762507,0.00420437214820316,0.130680220379646,-0.0438347743533108,0.154990409191552,0.507562132251243,-0.469334749859903,-0.845306959901481
"131",-0.209959147692367,-1.57959872977495,-1.52797587138149,0.804940870519255,-0.441997726049311,-0.358394996954919,-0.90724669644557,0.572127746270427,-0.0530703049557173,0.198577174114887
"132",1.0000678135362,1.13808954543473,-0.604589170670134,0.5274349847164,0.920371308969741,-0.592169606325134,0.0152308444114534,-0.381974777439796,-0.318132355555275,0.592622540569232
"133",0.489432454096212,-0.371548446750836,-0.940917211689847,0.627864032347206,0.263141720591402,-0.328986679129436,0.20027473404978,-1.56183563065641,1.02340601807193,-0.252630747214243
"134",0.983543930933048,0.0791955054195982,-0.289467530473375,-0.294559547090837,-1.09644858447903,-3.27668050716569,-0.817146155681842,0.209577643491407,-0.217835622772123,-0.101050025667294
"135",-0.533777935129696,-0.236838311440193,-1.21614163523205,-0.771908524541793,-0.579075296548532,-0.789342379732233,-2.05267958937842,0.663135850835283,-0.405062381742698,-1.10236523310758
"136",2.72182333582692,0.675876981190102,0.587063267251016,0.918125252394827,0.479257765324023,1.66720898337806,-0.550166629736817,-0.077031098642366,-0.0477524832994092,-0.718162481461706
"137",-0.403242015645805,-1.33021568423194,0.543069012153574,0.776006556570014,0.32034148513075,-1.15215488041184,0.374933781291774,-1.17544215268975,0.642184456865274,0.688918630099645
"138",-1.54091869237847,-0.126170468921357,-0.650844955124487,-1.31128994768335,-0.825154412791627,-0.645482493421065,-0.331539024020344,-0.529921810643452,0.381700827150268,-0.246844929267095
"139",-0.0578046140768252,-0.527422068341156,1.43592677164203,-0.786122173380575,0.13778115955299,1.12236810040199,1.47681746806453,1.28079806739739,-0.248942428498114,-0.838883416789603
"140",1.02565115193238,0.850336861900696,1.67125817118767,-0.268971438181046,-0.690770902804607,-0.593198295216466,0.90250777329952,0.264084824019969,0.104607231249143,-1.50057464355952
"141",-0.468228949317364,0.0201484072875922,-0.677256438924073,0.936306455895598,0.19597295856654,1.02032678771966,-2.39268159386719,-0.721363763811181,2.23859060893657,-1.08332131731382
"142",0.408018859838433,-1.37301398384525,0.529360246076522,0.916314886914492,0.238460344475948,-0.275484561402311,0.126475549403422,-0.431175913715258,1.4063346630247,1.49670048837502
"143",0.270559332491298,-1.62378622468763,0.554653846984566,0.851060440098427,0.571311330708859,0.242991857047685,1.05866323414006,-2.11959675474775,0.696944312237512,0.214248349050224
"144",2.72552464520362,0.41358856073779,-0.366213331927831,-0.645137762754756,0.7156823746728,-1.0718261098917,-1.78926147390686,-1.16918285204021,0.552454928225847,0.0439852738739565
"145",0.789542175007264,0.43090461314875,1.26889707352355,-0.342146919116654,-1.18005579277015,2.66238846701635,1.59932079996383,0.832183786264501,-0.661752464468825,-1.31203890953936
"146",-0.529059259235357,0.259813619022644,0.246365884890186,0.411196383190246,-0.942576962075632,1.03150038364168,-0.32068657392388,-0.875549521424952,-2.60609554616848,-1.14635924759994
"147",1.61155548092571,-1.04226251341789,2.6364265425579,1.29802007284603,-0.535603523655365,1.39265223765628,-0.0588365730061563,-1.54663639716193,-0.913894836154882,-0.507838709402143
"148",-0.749719859600483,1.42963257117558,0.333316495116407,0.313606345583268,0.360033595022003,0.300068452682347,-0.183944318423861,0.878761743441863,0.08047259179974,-0.163093661030388
"149",-0.436447891700064,1.10214200601069,1.13695989144158,-2.27396715780405,-1.19752037077805,-1.96465841186019,1.14206751697119,-0.164094391941545,-0.237039254579551,1.01252049186737
"150",-0.368731507725304,0.980924061863974,0.664427182715855,1.07552522182503,-0.024138939913162,0.480167364158045,0.390769087378968,1.15499022385926,0.813212028614397,0.499388948954035
"151",-0.762133548929777,1.81549758372018,0.636298550819107,-1.24209823847954,0.712509605781088,-0.227780548776076,0.304465035025403,0.279530676365738,0.148434365982223,-0.825824573766962
"152",0.50528469054986,-0.794010756497822,-0.739475223913753,0.918669286715792,0.38398717828014,0.673762040249618,1.27975698410719,0.641406867261308,1.24153064683078,2.72720520328846
"153",-0.312131882359326,-1.37123170939465,-0.00977208268958231,-1.57398869615639,-1.07827998214178,0.529742304009141,-0.986808456284817,-1.58991266926751,-0.45514500713729,0.640132146689911
"154",-0.412802039297877,1.06800287887712,0.950978192195794,-0.785590874151744,1.01135340561454,-1.31641769162881,0.482743979039741,-0.240930130679314,0.464025232994336,0.0012287915249094
"155",1.22923880468896,0.355534265095487,-0.215128296078379,-1.69603072468969,-0.489743074340083,-1.16124522968915,1.39795511873802,1.67285654597205,1.7831428283262,0.488975786115089
"156",0.438518206495032,-1.16141585226802,0.633846706941436,1.51297386593381,-0.313485129909826,1.31293846546743,2.69657669823287,1.54346238728903,-0.45895904377444,0.594539304792537
"157",1.4382448195673,-0.438244269770306,0.719243241683861,-1.06190035994776,0.0969625568659326,-1.23253994145515,1.23253864415587,-0.660994098622513,0.377627309548087,-0.261195521156537
"158",1.49312535389896,-0.213612399529289,-0.138628088723942,0.261214421674896,0.507160996768687,0.753144980704941,0.202488221702482,0.102126932946505,0.252500912651903,0.441699653003899
"159",-0.180069280274276,0.95861470069895,1.19627107137217,0.232640893225221,0.857466380206645,1.69637910934803,0.0100237709164877,-1.06164085893881,-1.45754480955508,0.299310155034249
"160",-2.17919129956788,1.3393955400519,-0.733754781896362,-0.274301037671255,-1.09779469936253,0.980443870943288,-0.305385212314481,1.16305462438353,-1.66629517624687,-1.79019767672313
"161",2.0166512677177,0.381514880104961,1.3478824602679,0.466693076043732,-1.45628906372642,-0.239007246671686,0.644234036027154,0.704603057017798,0.199233445796123,-1.38731073823873
"162",2.00725382852127,1.60483557603887,-1.16866363021928,0.588070972323386,1.3850627321162,1.1258348262379,-1.7313294701585,-0.419713967119287,1.3483699058249,-0.235654076949969
"163",1.90399560743005,1.02771533492025,0.146092624750408,0.0540232933172621,0.013504664442536,-0.70241693632705,-0.39673955820206,-0.708173763452968,-0.373814574439907,-1.12386004019872
"164",0.62238694062585,-0.0113300982423646,-0.328962719259518,0.171730605155163,-1.25124716247819,-1.09409908250804,1.16388442002289,0.962504292697956,1.84044362747475,0.572333674278198
"165",-0.753964404556049,0.252764589077443,-0.845080098101807,-0.996105653317367,-0.151978048261611,-0.937204669731649,-1.29469824427818,1.25811347251891,-0.858433095181,1.49418775406172
"166",0.176513618972165,0.839874265713449,-0.562238772036434,-0.780338368203698,-1.09823457009155,-0.65194808339341,-1.69373968418501,-1.52240597722611,-0.770723989843193,-0.462942884788187
"167",0.215634552580974,1.03120920324626,-0.709799486483349,2.0664593133446,1.5965704556231,0.519625386711225,-1.80102177386048,0.142951096017877,0.124657750162776,0.465911813867298
"168",1.35263364142245,0.0615132431198087,0.845983700157805,-1.2239025343372,-0.0701257692005229,1.19624088161614,-1.91195154473613,1.04118968453765,-0.179718402809451,-2.75454360216227
"169",-1.30729956448357,0.0106527219585563,0.556235943848312,0.445944868855602,0.167597052067804,0.299007057651526,1.93520267027281,-0.927710643670168,-1.64479738730321,0.335545293158173
"170",0.906415833039399,1.1413450368305,0.280870377403138,0.114836848187209,-1.43434200864612,-2.08347958255535,0.0210694685737118,-0.269005184772996,-2.16892577692335,0.810078882441821
"171",0.328006789583807,0.281883933563573,0.820430854832172,-0.943338896605656,0.142022737111649,-0.0612832623305254,-0.374785933806318,1.13358818774955,1.07553365185429,-0.973575440024805
"172",-1.85309492592757,0.190452993509784,-1.26747825620225,0.529900073352827,-0.663886541613855,-1.34783751801424,0.178081390353747,-1.34775017912759,0.489798491100086,0.64392374275503
"173",0.615590927689638,-0.402434895058229,-0.0433483774951885,0.578211919173485,0.850962118100048,1.82470443797909,0.950228615071433,1.06209462657476,1.24923292904771,1.30152376250307
"174",-0.436506380251993,-1.51784095226892,-0.00905706361047146,0.418618431886624,-1.97917634735515,-0.475557299482426,-0.758860907922043,-0.951428511207829,-1.36292970168371,-0.822206648317596
"175",-1.25144950195599,0.766735727543296,-1.16267728397004,-0.0250191576861615,-1.79246589690077,-0.376658164193481,1.26823742213493,-0.00677692958020287,1.39530512696717,-1.58535125923246
"176",0.673076683619626,-0.419924030172513,0.50835657830419,-0.00467809794528182,1.07681908553845,-0.496413400819041,-0.262943833021904,-1.24225763497928,-1.63545826949952,1.55403427143592
"177",0.333279364636571,0.955782589373757,2.32791916506138,0.471121971463593,0.372661795497864,0.403841312067257,3.1827896149811,0.849210240619563,-0.168662163695935,-0.214195175113621
"178",0.296189049149398,-1.1915653396304,0.643519052970905,-0.890125258135813,-0.625158693240472,-2.12534049403712,-0.0603646207978009,0.746552320562686,1.48034913673886,-1.38478375431325
"179",-1.57046860206653,-0.500910088435244,-0.129929140604343,0.0746895387278664,-0.053055776513409,1.20009454749111,0.598235460613645,-0.999015149489566,-1.17925783480963,-0.0403717948823229
"180",2.70938106704985,-0.263679117522277,-0.361984462485215,0.40353703920986,-0.668001010270913,-1.56148343618124,0.171735241606547,0.346342673238688,0.111744621104917,-0.166884227374996
"181",0.996247199694667,-1.07779273997587,-0.119347534824025,-0.0377845173928188,0.457398897709141,-0.916117025553703,0.0404948789413784,0.120900148185203,0.342874470060379,-1.06034578701316
"182",-1.00805514364979,1.35896358530057,0.878659360848912,0.232440218949941,1.67526534062451,1.32727881454459,0.940294252604189,-2.3544200752177,-0.587215249501697,-0.265996542956
"183",-1.33652033271623,0.447224505384569,-1.23151761550009,0.107272976699733,0.736509835556165,-1.16209866103544,-0.326217650277908,-0.396557917951396,0.231096102302235,0.344428580989058
"184",1.06436698372598,-0.13977348592659,-1.14402347055886,0.727421001351228,-0.219633692820334,0.446354805366158,0.450223847609745,-0.375463439336817,-1.44740795137598,-0.350745631513787
"185",-0.316153650453832,0.538559757068689,-0.367433278551822,0.703495099066116,0.571522531406391,-0.00750445558775512,-1.19214672003765,1.14253176144614,0.0576990727810604,-0.0330132088243221
"186",0.219784343441156,-2.14247393945354,0.328189317763636,2.30502845491622,0.992360851764886,2.24118916106846,-1.7710893451964,1.13289205838151,1.08334886813372,0.0844421460134909
"187",-0.421330377152173,-0.0238107298220592,-0.136002991430389,0.213523352209085,-0.87167486394918,0.0860228787637627,0.558721070662789,-0.270043270337106,-0.841545118704209,-0.917067261275934
"188",0.232344961928785,0.223828611073318,0.0233688851035708,0.51334171675507,-0.834023725308762,-0.378651729421994,-0.805090708482059,-0.0308886689677134,-0.991678422729233,-0.0960222244050359
"189",1.51497028460216,-0.520401935045916,-0.247560256805395,0.504955106183801,-0.48244293976947,2.19528022980241,-0.564333033397474,0.990019873905514,0.317013754056499,0.568259645837954
"190",-0.0549760493490478,1.5316676842661,1.65050351209162,1.11339053685052,1.05856133269219,2.52037342776544,0.154696299064691,1.11472489105691,0.0781406806642161,-0.888161503399473
"191",0.643794704284426,-1.42434643037042,0.653629475957459,0.881081119257848,-0.944863842678324,-0.360806688053495,-0.69105211796614,-0.498006513412295,0.349284241464855,-0.00271289482832393
"192",1.12515494114557,-1.422997660928,0.490135991048996,0.0476111463391988,-0.111470233107262,0.66605023139826,-0.735989079074225,-1.25762901721205,0.501636476951755,1.23979265843634
"193",0.869861464988148,-0.786886575763674,-1.54849272782721,0.0573224955181846,-0.298239399580541,-0.681453729057803,0.696132073521522,0.62067656711051,0.789332088970078,-0.81201112062303
"194",0.842403574666122,-1.32429740618502,2.26003414178936,-0.111338538680428,0.706927066330793,0.959842712284269,-1.1447450134363,0.379257120687206,1.20919715170565,1.18996947829589
"195",1.38554376035492,0.133538863630527,1.23493581960753,-0.402978406072217,-0.332628037133486,2.15604576602394,0.899443234961542,0.109367058383483,0.0995569212421643,0.193015997972917
"196",-0.291346263403214,-1.65960143366444,-0.0931713648571745,-0.881711511981148,-2.03267100980014,-0.67657564963533,0.694414037179899,0.621475328737807,-0.184141104704614,0.0593022810574647
"197",-1.03367845180793,-1.43241193229293,0.294179574013113,0.57448171075547,-0.695944854164218,1.03607919267617,-0.0905113222543019,0.641927576847183,-0.289830409136442,-1.01567731247577
"198",1.46855544877883,-0.588769532997096,0.431853832955877,0.915160482750189,-0.721530652409142,1.27302362147335,0.112599964917138,-1.60681728134222,-1.47255753956677,-2.12639302073215
"199",0.207063273395173,-1.5474842299898,0.167715324701229,0.081648270332845,-2.0796737865612,-1.46709104283093,-1.81560241349593,-0.23942002440338,-0.702367025964404,-1.14919261475852
"200",0.40792579089533,0.577465239080008,-0.804400665674724,-0.625968219354254,-0.153985672783632,-0.0741120715974138,0.0280894772011554,-0.47755604931612,-0.829652115824903,1.56670593283796
"201",1.87113982980202,0.800065009834666,0.764390089616811,2.21268725049465,2.02330408935244,0.188365932636174,0.633972367641346,1.06372661604611,0.916561950997186,-1.05591939633928
"202",-0.463785265516827,0.155984881337232,0.135994639246423,-0.434490016528278,0.298689426652467,-0.667625572220853,-0.614905317896134,-0.277323650508209,0.0172659141839393,-0.1316932359177
"203",-1.4612098634235,-0.70879582800907,0.0474700300320008,-0.741056581663202,-0.967806618392594,-0.423807631207971,0.221249275356207,-1.52763900836912,-1.00274566289073,0.751181556469537
"204",-0.563610544235788,-2.38498476693662,-0.789266489142754,-1.36606232226595,-1.32415747218653,-0.438594591224042,-0.680103227416944,-0.137365556369279,0.107498197096154,-2.62373242711278
"205",1.17945831765224,0.566722295911534,1.71991602065578,0.73131984509241,0.434582426892134,-0.130722230725229,1.68773308447577,-0.425448659686347,0.66155972330406,0.603049132417647
"206",0.646396326703595,-1.77250197785203,2.14023612846577,0.621305940665418,1.26639193191855,-0.474546802802105,-0.715579138754976,0.152925276427842,1.49634167617154,0.374616303285535
"207",0.28956085720275,1.34644563694919,1.91867626886457,1.2469681289223,-0.0246185041347805,2.40560141739091,0.436458420508242,0.903133794460123,-1.30508414043148,-2.19899615751854
"208",1.26458293222281,0.468168029771045,1.94755571484551,-2.02858239173646,-0.0956067769707759,1.31557063403113,1.99025220954851,-0.024351409084481,1.38382946664268,-0.0878172195611254
"209",-0.399873060715827,0.40951185185318,0.129666195432497,-0.543161123579124,0.915494319450233,-0.092319177582378,0.921574207597681,0.68492546550257,1.04739593110663,-0.0708552567350657
"210",-0.232406424080495,-0.655562844738239,-0.253313150959537,-0.539116087864617,1.59987712130362,0.960142654353792,-0.844572433316363,-1.06755735932118,0.318390734427573,-0.127880915322853
"211",-0.0229071798645865,1.11203819305108,-0.149160042326477,1.44463847022027,0.800945158868118,1.22719106675912,0.886094644550767,-0.0621126583013203,-0.256842628050004,0.927803068856587
"212",-1.63257472754146,-0.233130771067431,-2.17939842420972,-1.88548839253678,-0.771674806585252,-2.03643469105472,-1.47757578115806,-1.42632892931539,1.42052235802895,-0.513944235607186
"213",1.54056454850848,0.471392980049708,-0.483156599212725,-1.11121597722993,0.46765712997702,0.291703226243274,-0.741669664317513,-1.04730906198307,-0.582415997464745,0.471096043087081
"214",-0.335682799205367,0.0842867596523808,1.320145750624,-0.51380094423226,-1.29103224972067,-0.129271525914311,0.50390998426703,0.0917528080052561,0.278988286153897,1.20785867216696
"215",-0.321342103369398,1.12033904039858,0.180339525749636,-1.59300732533668,-0.0686637224715885,0.0685359818722632,-0.737702683367811,0.0716574963375115,0.071958789415926,-0.67525813232913
"216",0.819917994495825,0.0356953520263411,0.0797090898139922,-0.770697167973258,-0.406764149191554,1.4937131859675,-0.67129128468083,-0.0272640840277365,-0.624384338390247,0.250944400003952
"217",0.66685762598173,-0.542141834580356,0.0341441718557712,-1.8871425866054,0.0588018337895254,-1.23220088410889,-0.494298150788358,1.53677082380223,1.10340989482171,1.21564361378773
"218",-2.07565281862774,0.717908957204869,-0.460397305868289,-0.214198978420084,-1.2522358338492,1.1943264307356,-1.1800116156077,-1.20770955539705,-1.25052442785218,-0.917558862762654
"219",-0.71484811170637,-0.891129594258785,-0.347063900099671,1.17838035513406,-0.252060908092028,-0.344177623299762,0.448257845685094,-1.43013724684702,1.14091693034489,1.19965576506245
"220",0.564779405969763,-0.265828739574675,1.74392072470177,0.564999266002478,0.855911516565422,0.60742328938738,0.430993265414584,-0.863268784643533,0.972261258506223,0.772065106288647
"221",-2.07181466592874,0.723705968835993,0.386213814219087,-1.53529368344918,-0.54428339385206,-0.0316042433029105,1.55151827911071,0.581884015930685,0.499506236946264,-0.416919860379027
"222",1.03285554697362,-0.597653450958748,-1.12494891159186,1.18572329291716,0.214079932525223,-1.32892821672349,-1.01728880252071,1.05243173619928,1.34466658061763,0.218737934928453
"223",0.663729861839506,1.03711310751238,0.830882841832948,-0.961213107516175,0.0277785732399654,1.60745339186428,0.43499558787052,0.73992821661795,-0.719104192443839,-0.00260288606942086
"224",0.705487637255776,0.0939232907614591,0.79121216580044,0.472682583765279,-0.180228961429454,-0.431265064422217,1.18592426859105,1.29689895387539,1.30668213751388,0.514515060940079
"225",-2.0724862202516,0.169090740749558,-1.35137049369613,1.85132045274782,1.2309887449364,-0.0740148209744797,0.39684230531677,-0.508034548648642,-0.273095433758905,-2.27298243745766
"226",-0.554556281621865,3.18104605252366,-0.612802418814912,-0.0971426050250173,-0.36586437691282,0.060391322264633,0.465328567946935,0.692907487696768,-0.576977466838744,0.508765410103038
"227",0.173978639721929,-0.3414825610189,-1.12699322458728,0.51961109360852,0.600162707753679,-1.49858133495561,0.0212088190603973,0.476787393530398,-1.21996654524035,-0.333620954204232
"228",0.707309101108337,0.839455162991132,1.01191779481018,-0.0270709378422535,-0.088560042912853,0.0356275295093462,1.80023826528741,-0.474370212629327,-0.839092247864991,-0.641132331567239
"229",2.84588134351967,0.547684704030341,1.04074055494631,-0.604900154760831,-0.173901000045033,1.2509040936641,-0.943123810877633,-0.404727706448441,0.0134568318445282,0.124525154011976
"230",-0.413048881737182,-0.283177336934205,-0.54711322703048,-1.06937676226918,-1.64237085241921,-0.205795861402326,0.59610656781048,-0.92316677860495,-1.20741957416924,0.536593692227197
"231",-2.12927731810827,0.377973473767386,-1.42370237570083,0.207924582318304,0.862654630303986,1.80714582101492,0.394360762509919,-0.574736991367364,0.212458084205997,0.725711202720337
"232",-0.394289824876568,-0.715507327037882,-0.769035222148286,-0.528928803141171,0.0771108486724933,-0.590087032989012,-0.561104108693251,-1.07134911152618,-0.0128580397637742,-0.779594708370522
"233",0.513307084420312,-1.34141511172353,-0.900556078828704,1.66878083166845,1.33493743362635,-0.501950902652048,0.478362582723548,0.414450554956549,1.43460832676623,1.05910646605856
"234",-0.629935008329391,-1.13607880733551,-0.540742142575487,0.486842511713569,-0.095166360859409,-0.488627915404435,2.20561230204539,-0.575018877141079,1.01216685511355,1.47552829653241
"235",-0.741574365375305,0.160741683793627,0.557545895810653,0.0216973351775023,0.961561873727466,-0.265400749795077,1.09031192135095,-0.353159742748449,-0.206961896997864,-0.214766666896995
"236",0.606781688341013,-0.605861905622507,0.0847448581182068,0.143848470892957,0.24747646352811,-1.76068867094096,-0.523938925544233,0.204893716133976,1.00455954353755,1.63054943843714
"237",-1.22850553442369,-0.484431783010856,-1.53212442426233,-0.851474345790493,-0.364572034829794,-0.0628755898867774,-0.54102261382034,-1.8814304053348,-0.108225583905858,-0.244526068228219
"238",0.645036949372022,-0.796376049787434,0.588033631906432,0.076277815732735,0.459008641061176,0.101839728345635,-0.425181673018448,-0.306499602917269,-0.369006935822452,-0.429258286746345
"239",-0.0327104905501877,-0.297764789384392,-0.641162797850279,-0.0643011658883414,-0.214344957347461,-0.511238278760453,0.35752932796262,1.51888346716759,0.823674231453089,-1.64704445865804
"240",0.401066736676517,0.355503610605687,-0.623409992328937,1.01130804913425,0.237995617813893,1.21634107383317,0.363923781304533,0.176989099363898,0.569058497867381,0.78469072747221
"241",-0.463817984615313,0.187902307868724,1.50022939915158,-0.480880587105474,0.951881639142496,-0.193574073869444,1.40006308830701,-0.449876500168919,-0.64263213444344,1.50004763515033
"242",0.348026507459759,0.920480764113866,-2.15181229729832,-0.0353018485504512,0.017482074824528,-0.311816678769701,-1.43638779939147,1.25970578293624,-1.7624231073745,-0.994226664637604
"243",-0.776744694541488,-0.925762975982204,-0.560340958204293,0.393802625260405,-1.20988873341078,-0.692611868512585,1.10184855036138,-1.43690665088214,-0.765512611231086,-0.921619914921028
"244",-0.979044227874862,-1.57805423772068,-0.673234742223562,-0.283407682666829,-0.932272251261521,1.05847172638672,0.103415489532033,-2.13077955818671,-0.825354949912999,-0.39627500537007
"245",0.0376824405833319,-1.92386648560266,2.21037604588105,1.77485866675032,0.7682648354334,1.64472353715001,0.361315861955013,-0.175240302979576,0.104220438256251,0.590535495501931
"246",-0.504950977589325,-0.597835559756395,-1.44350500599014,-1.48947491786077,-0.97539069090066,-2.50034509633862,0.0882611013453093,-0.183128191365566,-1.63394575732741,-0.194047581250481
"247",-0.713901085696196,-1.31193346094331,0.0917876435290708,-0.692963021340555,-1.34512077316679,-0.816563564675888,0.310959116600593,-0.425615632814358,0.228977616551639,-0.157307160810155
"248",0.141870922416894,0.164542894743371,0.872538192844931,-0.99021230066944,0.0101584644319894,-1.34217425555226,1.24999180456679,-0.328754283592408,-0.130898909447539,0.8339460786377
"249",-0.291999309291031,-1.44872875188326,-0.608206999523115,0.618758206401211,0.425448049784006,-1.10717079765509,-1.09569073479773,-0.251113211558074,0.244062197581264,-1.18524919957013
"250",0.0200981330836234,0.372535941433334,0.707135188901017,0.420825857483824,0.679489486832405,0.509263548819957,0.635744390210139,-0.144529830293689,-0.0835151842232495,1.36096110253936
"251",-0.393858495773068,-0.732645227813165,0.263213681079211,2.11049820757855,0.476645269898801,2.25430031743734,0.898534648790627,-0.210660285965299,-0.496548099819885,0.600335086024136
"252",-1.12221024543111,-0.424078027108562,1.22215740882356,0.478842846005998,-0.989208504862072,1.02604260320783,1.97573123453274,-0.279692557853445,-1.14520101609993,-0.011612454355214
"253",0.228446539468727,-0.415810360377988,1.34035302738057,-0.740783946845398,-0.142889806960022,0.432787608942399,1.55816602900644,0.87183875544022,1.93548289125353,0.971204472599329
"254",0.181814492080145,-0.36125604627803,-0.0530489055307164,0.673569690426469,-0.97411538329752,0.410908814068534,-1.24822705134817,0.247747565760523,0.812382409972275,-0.571047867297825
"255",-0.329449862333862,-1.93227702420656,-1.05149661559875,1.33934021876144,-0.736925704516028,0.513680858976059,0.408017951847983,-2.42936005720117,-1.88814310401401,-0.844853741493949
"256",0.742745198539487,0.729633059760326,-0.358352154284695,0.0844104925692922,0.856541132345212,0.816850580616012,1.08259612130391,0.302867399704039,1.1408881561525,-0.276797557931402
"257",-0.148708387065438,0.0891374708447019,0.350197115895895,1.1588383528111,-0.300710193831133,-1.54715185728494,1.16210873227324,0.0601173555368591,2.06906605188455,0.640499902933682
"258",-0.834736727020917,1.84521618057322,-1.55980750775599,0.847847514952646,1.6347545912025,-0.681079219576892,-0.281265697349548,-1.04687988647134,-0.0652476268865412,-0.735887570775573
"259",0.909096462641913,-0.150895355216915,0.278819611927264,0.932636584216478,-0.223267862444888,1.20898262717382,-0.146138213972902,1.71359866881978,0.567570893389113,0.254766174068136
"260",0.0387530795393776,1.32942211396166,0.383617794927074,-1.98522194460878,0.0910958701413667,1.24081165780027,-0.629251305687981,-0.35122333774855,-0.204092935241599,2.18806279524837
"261",1.79715298769181,-0.901738865332569,-0.141268277525297,-1.52512719338181,-1.60543939184026,-1.1376982543605,-1.95080718042983,0.329860452275015,0.306494562295361,0.853194756781667
"262",-1.76426827578158,1.6252176471977,1.07119473705287,-0.772036754577192,-1.91769422096672,-0.00815274537783475,0.685814202330751,1.42875024261082,-2.53225860141578,0.182355168199594
"263",0.729810504653315,-0.541269779085103,0.082896041620419,-1.44844550643453,-0.771077407987485,-0.414491823973357,0.608311847955435,0.223117573036188,0.549678682552865,-0.308000046557541
"264",1.21214646928239,0.0316100830859854,0.490834996088622,1.24590292538257,1.6514544818409,1.19002331857235,0.410724787968104,0.987611509113615,1.54429694949255,-0.47463373337804
"265",1.91649318749867,0.612744436926814,-0.877313256004124,1.53426478873007,0.161150862919677,-0.315200719246542,-0.605478303955435,0.752358457948066,-0.145251063434001,-2.17355559504163
"266",-0.930048634208912,0.679337782451352,-0.122341986910951,-0.930528040143994,0.180024457426745,0.336118868419019,-1.07849345101566,-1.43014729608818,-2.25864747028821,0.269692772682428
"267",0.381681222290586,0.492510716787154,-0.877587177636648,-0.516571982675257,-0.895769413012953,0.387962725983741,0.663573802979594,-0.935719475299142,-0.811770982901088,-0.837366813311675
"268",0.951299227716651,-1.74742088087512,-0.236164844161299,0.870826002498246,0.0587374650620242,0.658131505917423,-0.213358760935271,-0.400885419015735,0.743585367607141,-0.704540235282201
"269",0.562638014924089,-0.894776316697519,0.674242484114522,2.64225999867736,1.6162989647612,1.91549209507885,0.88545991319992,-0.177868075671566,2.50293151463423,1.52283004548678
"270",0.741218757542715,-0.383295047303068,-0.112646865724906,-1.56980166383366,0.230710002354064,-0.00592501858746994,-0.139698930693601,0.382911422354012,0.39676042213399,0.0509446725808095
"271",-0.893730758015639,1.27686201159829,-0.271153830535242,-0.92684561050227,-0.113687426683817,-1.3162555310308,-0.763553704988076,0.579946371862174,-0.187034104871798,0.300157903707941
"272",-1.35307686834519,-0.302776117699905,0.415935802275686,-0.582325761946239,0.239559139418371,0.783033203743243,0.992904349944742,-1.10554096760676,0.236080751714123,0.0263479787809878
"273",-2.20792462025652,0.770127329658419,0.714441282622529,0.508902141931158,0.799177312562665,-1.16121553290964,0.74019421316841,-0.959392084305161,-0.898696698068729,0.535828378318596
"274",-0.51516496020577,-0.205848084694721,0.149030886010217,0.296853112969554,-0.112634201783208,1.14941063659874,0.505822983178197,-0.573286618721269,-0.564530463736567,-1.95422713401021
"275",-0.308939662312558,2.27602463645451,-0.828868977326323,1.30234598892803,0.0672126781349457,0.959908392950539,-0.913826316938144,0.0525553204064163,-0.576866406265781,0.50532011556108
"276",-0.311481060804565,0.134021617212217,1.33988505304492,0.282057738100551,-3.3417808698037,-0.87716820686758,-0.023949333065821,1.15306633671393,-0.493467748157499,-1.62734329705019
"277",1.01347965025035,-0.178659245993492,-2.16228770506594,-0.848656499604162,1.51791397435712,-0.279717774596692,-0.415525312534786,-1.56569127678694,-1.41096795398899,0.808406496916823
"278",0.021142291094863,-0.993634078885913,0.495676425904842,0.435118449550915,0.659548754450553,-0.48298449365748,0.830094326328239,1.08894861743435,1.9290662153737,1.18726049968911
"279",0.28252449842497,-0.881337634316094,1.00598676575549,-0.340783126046282,-0.969980978721389,-1.31369436488091,-0.589506561112376,-0.889523892830659,-1.64391542904188,-1.03135019093189
"280",-1.01992758354192,-1.31576127707386,0.246043466174676,-1.56960079296859,-0.59142592890325,-0.814869831371863,-0.23244438463888,0.442643108271608,-0.8373935408202,-0.186994176473999
"281",0.358994093185268,-0.927286589874664,-0.976462976822035,-0.807014990841777,0.226734219289648,0.142988706194414,-1.52712752948905,-2.09471469111526,0.717261706300274,-0.581961483059444
"282",0.598069613065608,1.81419307501303,1.99884438502149,0.144092748139054,0.794182992471297,1.60913502819316,-1.93849289962772,1.2520652418065,0.492622080039164,1.38835509238774
"283",1.71487033838516,-0.979803046359269,0.935819808828448,0.144821577692789,-0.645256585524051,1.67887256519527,-0.578745449431346,-0.583355963391543,1.44945911052438,-0.601503250997203
"284",0.0452906351806592,-0.52335148952721,0.0653160199291589,0.245049522519864,-1.31917449967038,0.0100767488803372,-0.167289107859865,-2.4305149066837,0.898758787702808,-0.166525979136564
"285",-0.286718799674027,1.37909441840999,-0.643874376148879,0.202440089690356,0.789903590804806,-0.538490936828457,0.733140026197652,0.861868143084933,-1.74882289736038,-0.162641552846058
"286",-0.921220107111286,0.094274657341908,0.232224422027475,-0.241916444407059,-0.493226647999317,0.0202592589747507,1.09298324745006,-0.0415074602732988,-1.07262045113371,0.317771245779266
"287",-0.418810299306967,-2.46148144018211,-1.24748165149484,-3.41508942463503,-1.62563529927359,-0.718534993904156,-0.235647377981536,-1.01702563918854,-1.07244608491751,0.118495831497123
"288",-0.0135142660515551,2.19426952619261,0.0979504398137916,0.496850846465311,1.08619450592927,0.686187587983889,1.22892915423421,-0.270314687774484,-0.346900270110346,-0.480405092487226
"289",0.787658233164639,-0.256591864126375,1.14588420299087,-0.503853389284337,2.61257549765273,0.237768994297871,0.952363825877147,-0.358571504075062,1.26364845349676,2.55107906424488
"290",-0.0739549176705784,1.37420689524834,-0.609677054905247,-0.451952548717736,-0.0638366412776286,-0.813966639305362,-0.671739027778845,1.68147523075308,-0.171478790920875,-0.569560523848268
"291",1.41344746805873,-0.0765377473841817,1.55048730083877,-0.878212555018927,-0.70595831879281,-0.058276243658692,0.167356817895101,2.49644890655821,-0.112247287516717,0.842664721594397
"292",-2.10549821734465,0.931853427593208,0.823538189912826,-1.2933101286572,0.131521921991239,0.681072919212645,-0.163185311006336,0.064670609992825,-0.308121145137694,-0.607821517818327
"293",-0.202874160774083,2.04123456370232,0.451134838035547,0.355869780683677,1.0501652888538,-0.953104477628204,0.309570727983917,0.118920796241146,-0.199631485977846,1.20351156237032
"294",-0.666388099672545,-0.871505496438615,-2.28604717516204,-0.72574031411301,-1.02728921033691,-1.66282028939494,0.492927306299231,-1.38478226479801,-1.52186542192975,-0.888258814105773
"295",1.25222782443343,1.16015715494951,-0.276794779486872,0.741872026794154,-0.931407428527434,0.135179989241696,-0.780565214954021,-1.17645826905515,0.658789633365304,0.315930340421592
"296",-0.0744595624882439,0.0483958558973067,1.60706893813855,0.605809612718936,-0.746190972184051,-0.263722360409841,1.88985820779059,0.0111408932885439,0.52962760964806,-0.345876586252309
"297",-1.08318039831379,-0.390827423668663,0.69879920087552,0.640126838578497,0.148936503631861,0.634711693539285,2.00470456694311,-2.89286415105876,0.0856094520042757,0.322611018271462
"298",0.185121260561645,-1.42696769908868,-0.405820638093692,-0.716244546435278,-0.946404008720289,-0.413107489755389,1.24528447260738,-1.63734754097488,0.694200211503403,-0.881925831088295
"299",0.134205404531463,-0.654645074895429,-0.737858003075729,-0.188302133458882,-0.616391953097876,0.7136794136975,-0.667449183705053,0.228603017800823,0.299224169345111,0.80946640889203
"300",0.216199725216246,0.373702777706985,1.88736811958907,-0.629434568522771,1.49669580169619,1.01304853679485,1.67538010335021,0.0604626933452006,0.0179798489478921,1.5390403633044
"301",-0.67646082597891,1.10634476603765,-0.82736132316885,0.909725968320523,1.03466967155255,-0.606957581702533,0.247511585535325,0.161872718183247,-1.36280644316487,0.0482433270163603
"302",-1.10153281659147,1.0266700550925,-0.731531859820543,-0.124622301947201,0.130365965238272,-0.95866158144331,1.05261674923899,0.265583482206243,-0.558162212568716,-1.8292216562627
"303",0.386569872671192,-0.353386951890072,-0.245616535400418,-0.278815187964232,0.76593830050271,-1.56283049391407,0.127763448669467,-0.859611203655492,0.28815040519929,0.646073868279795
"304",-1.72545843218919,-1.4290634257876,0.407563668049758,-0.968622557516437,-0.568573292153316,-0.265499020716988,0.365368883036826,0.88854191728129,-0.240253582335127,-0.101977924794817
"305",0.0270015228874389,-0.586748985171204,-0.341505330866841,0.536147406225636,1.21708891579824,-0.0468628980293331,0.0506481035394819,-2.52332932720828,-1.57099795135956,2.30059698039504
"306",-1.20834547604185,-0.633874929064346,0.443950049200091,0.236689328608446,-0.760308654930125,0.676329297127024,0.613427595115828,0.729955175559523,0.768044973521618,-0.319806587470936
"307",0.217499975332075,-0.826337193789658,0.52810229841243,-1.094990726714,-1.42410086983958,0.684473246448637,-1.1634158309666,-0.321826888094228,0.687914030592207,0.425673645204256
"308",0.40735789835433,0.0675629154824026,-0.228172437735673,-0.610347796857586,0.197020483604576,-1.17746020179407,-0.966519125438979,0.336103149450863,-0.986065235760426,-1.65773754079988
"309",1.16032256944296,1.04448277298396,1.02933541204765,-0.598490592582664,0.641259516316138,0.988810791272074,-1.71506799246657,1.75085991503951,1.46306243601443,0.321214975294208
"310",0.173731569276735,1.13325183877439,-0.617233020192736,0.956569325662256,0.64540726457889,0.250397731660391,0.367607354737652,1.19059477507855,-1.77161886231655,-1.23923417209192
"311",-0.527309214720918,-1.42419751758648,0.4808735475176,-0.916119726083144,-1.5726649753811,0.572295008836331,1.90217999790689,0.446378151488382,0.570591021118779,1.46230072231638
"312",-0.358260883829687,-0.213183480008778,-0.0849903730708353,-0.652413257475694,0.327284569414126,0.104011875085116,-0.433575464034488,2.379614608818,1.98101686391409,0.397906649203994
"313",0.531639686636205,-0.699504909462112,0.526158533695906,-0.088189107188504,0.796924087073749,0.00695181452991705,-1.40895543935142,0.962745005870862,2.47029326526847,0.58331026130906
"314",1.30147498074042,0.626565560359986,-0.27148566089066,1.95601047261765,0.423594692748159,1.18552309776216,-1.07031767424594,0.650194814709541,-0.124960205320099,-1.45779713780772
"315",0.63841383809892,-1.44073226275789,0.691481695981725,0.48499794618964,-1.50389300613661,0.899228914529816,0.299722088013373,-1.48438565511543,-0.440632138113968,-0.746027170629518
"316",1.35342640459248,0.781340205587264,1.39427113374075,1.46559209758303,-0.529592514959207,-0.135947889829978,0.68170259224577,-0.221899273718728,-0.403239703730011,-1.19771165148101
"317",0.858068798777231,0.97786482033395,0.0883372143016483,0.94266264039056,1.08709191308108,1.06170274878996,-0.330034671780893,0.271789747792143,-1.06574313524163,-0.0295823433838642
"318",-0.138960276209447,-0.132739723770747,-1.54523792215034,-0.318932287853155,0.16086600320537,-0.759328548331424,0.426818418258675,-0.0998963508096693,0.30066189934154,0.964979874438149
"319",-0.525213614043808,-0.909775238536807,1.64217310346733,-0.277913464265825,0.317240157698363,0.779400471131131,1.85988370686865,0.119006712061621,1.39033525038458,1.1947496733861
"320",0.905570130708649,1.92350515360956,-2.72018571161929,-1.66799011066419,-0.481947307335911,-0.122083052325332,-2.30326453415552,1.836482534378,0.136416778512412,-1.36844588267856
"321",-0.0973582740887384,-1.54943122527707,3.0740261015392,1.14842253868609,0.9711582746698,-0.135342813169107,1.10164003664785,-1.16449924308122,-0.26656199851976,-1.63765970144229
"322",-0.259302241770919,-1.26560021564295,0.316035790935065,-1.47141257234951,-0.974437230696897,-0.00497897659849063,0.0353322368325899,0.559583486286087,0.171203790279819,1.94267334102534
"323",-1.12484839206962,0.605498730669509,0.687059063096224,1.1301560608877,0.0295639838826117,0.367859338054435,-0.40963070317073,0.731447250744565,-2.24008169096455,0.461137692115
"324",-0.659996141469052,-0.298681049545346,0.92703189051374,-1.40529994484174,0.440622191171747,0.028137353973891,1.24998025752484,0.156350683974744,-0.811039855904708,0.512484529633609
"325",-0.940191200433888,-0.645875257153593,-0.48983881608691,-0.480303905102333,-1.39958738431285,-0.607672775089973,-1.65682273467815,-1.82516909914588,-0.294573465800728,-0.780418303014915
"326",-0.418012810370071,1.33769586045154,0.358454916894656,-0.242043284366052,0.800634843703926,0.273843326070202,0.63627253132855,0.672539437352119,0.786954906213627,0.0905361848980158
"327",-1.099694847879,-0.687903710499251,-0.207432122059962,-0.24300514682901,-0.064038762783256,-0.205336004896963,-0.797323018236707,-1.9606188592588,-1.16693548574076,-0.021247997755651
"328",2.14564629549359,-1.35991683306484,1.45642320708943,-0.211101170133952,-0.508141667968115,0.0240279226413328,0.610137955395979,-0.807679766754216,-1.12740276289207,-0.0980290010744581
"329",0.882837910770402,1.27361330630886,0.0656381737675605,1.42560116232559,1.09738457685488,0.139429573933489,0.398905777156107,0.42988580498799,-1.25309650771023,-0.0178195659488445
"330",1.00414283754616,0.230447779981971,0.42374175707355,-1.26778955795652,-0.151967977001142,0.046799868675255,0.0749375876564176,0.103591977909069,0.189543342193958,0.126172572376479
"331",0.479074936347133,-0.997060258139469,-0.528969956230785,-0.369208002582197,-1.1473862923939,-1.40992630357015,0.441278757446099,0.372435507202274,-0.64347210614626,0.679222654462614
"332",-0.0421388105365185,0.890809642192107,-0.214883950186312,1.68699414624628,0.403255161547358,0.327905431013414,-1.0407340688161,0.94860886630109,-0.911163966370208,0.141813182327704
"333",0.723488091470137,2.21134528288861,1.22462591544567,0.460122012084955,0.651410968582852,0.606658545317978,0.538580226788332,0.505202301987338,-0.823728674432081,-1.04366670323259
"334",1.18455634295628,1.43081296019236,-0.349499539502984,-1.58339322052316,-0.266022995742849,-0.00395171610878607,0.0517156432739674,0.628817448840733,-0.637105400394862,0.126128981128224
"335",0.656743127203457,-0.00369450601613319,0.608550135032454,-0.0185318013104869,-1.71775884043536,1.49997347222509,-0.922807757407551,-2.10203519036315,-1.65486038875981,-0.386197944264659
"336",-0.933977700640355,-0.703838277060266,-0.603630103945891,1.77583625076411,-0.141349487195274,0.226207380009117,1.49864214523126,-0.836961180297584,-0.635960221688642,0.441930661376654
"337",0.639088995917108,1.56041116727622,0.529113937869302,-0.0310647890742281,0.985812880105414,1.28989508415276,1.11077012869872,1.5854290834278,-0.342299147099863,0.373008012956003
"338",1.32916148920192,0.758712971607192,-0.181346027431487,1.54857890481093,1.29834207085449,0.247981090681297,1.33800172403852,-0.524829861347074,0.303014713128035,0.027579865718996
"339",-0.00707797677115134,1.50285397689694,0.232637603534919,-1.5240514678839,1.62384875516516,-0.213569790610453,-0.0119107803336142,-0.552373763825198,1.01490258898657,1.04093808993223
"340",-0.561808534256186,0.597000973824022,0.84757506582271,0.880098452510217,0.666484158487467,0.193308499473933,2.12873270698816,-0.670506291229043,-0.00392879101806207,-1.17636979392095
"341",0.774946776786892,0.347321765470929,0.0668946359677335,-1.17309613967093,0.308016828336838,0.547105351004829,-1.49731012199045,0.0649805999895368,1.10799394286206,-0.748428105509272
"342",0.929826034688527,-0.0696417439711139,-0.371755200805633,-0.463030551207398,-1.30892898314367,-0.141768312062843,0.0440113844728494,-1.55569975978101,0.270731523904727,-0.121622734048031
"343",-0.982555000070969,-0.581916360010381,1.03484764398587,1.3011597165012,0.163868588542698,1.59337066907935,-0.535864764623188,-0.0539696400919282,-0.581869604564928,0.18857627359082
"344",0.598910671497567,0.541025206020511,1.01216894547646,1.419393767785,0.683811814096458,0.580204726085384,0.421958851971245,0.115976968357466,0.881909681865006,-0.871539137186471
"345",-0.64166723176271,-1.18098663045382,-0.682466945679339,0.238052895255151,-1.19162013198601,-0.738155901165516,-1.0708786425321,-1.44219262923903,1.79290865544953,0.890050437952984
"346",-0.615285389234463,-1.24413411528208,0.898121737561937,0.0991101324096702,0.130885074987994,0.46108971021396,-0.0540388819222977,-0.689971775502718,-0.296641945008816,-0.718278739066708
"347",-0.850654758100549,0.712157019234888,0.0970411556573622,-0.375200557982081,-1.09858197060785,2.44035040253531,-1.3505998547023,-0.476265920379568,-1.47747759863283,-2.2200813550184
"348",0.746872987141377,0.184416652131953,0.947338682760846,1.64208947357811,1.40495158231886,1.4870868515826,1.21733913586718,-0.122647774826801,-0.36026236415016,0.625097096162431
"349",0.339117542262366,0.70518347612744,-0.396473866903216,0.526924853915436,-0.0896747433066286,-2.22214288187639,0.0191360603105072,0.277887775628591,-0.392840478568077,1.10788055632389
"350",-1.79956597132754,-0.978421923437809,-1.50635367096223,0.838996991844719,-1.18490624374565,-1.16222134506283,-0.738934803824807,-0.373568275848645,0.931480251160665,-1.08287547350636
"351",-1.10829693184107,0.161762734334298,1.17880833388726,0.611973736367647,-0.0158710931864925,-1.35845166447822,-0.32150692268372,-2.16013068392398,-1.15614808540949,0.149856485872564
"352",-0.47923444621197,-0.333398126336387,0.581544339882571,0.350722800846034,1.15979267652566,0.0875173416767177,0.102252650983709,1.32213316839342,0.986858362783766,-0.397691113736435
"353",0.526954184023524,-0.32587889267202,-0.45409445675996,-0.875911552624552,-0.500145540027294,-0.53165112977133,0.410916693879411,-0.732824884637821,-0.0106060312761699,-0.780616843119359
"354",-0.303416198315678,-0.421009480887345,2.28031123556181,1.01592930546509,-0.438394591922032,1.1758963484714,0.455466035178597,1.25087647161925,-0.00398121459668452,-0.209312380679848
"355",1.43289147453238,1.17505511937629,0.721672637806912,-0.624119052933776,-0.0325805596933045,-0.00143688859122065,0.61605758022037,0.922703877362555,0.608173245275535,-1.33711948430574
"356",1.36213916627494,-0.483749423334305,-0.973521537690374,-1.16738332637161,-1.29957061447375,0.0581871682271194,-0.195549995455193,-0.664908343538088,-0.243601825542775,-1.38050108200691
"357",-2.31459368468061,0.942812388707818,0.5270958487143,0.321501005899009,0.540111516286035,0.188696207903603,-1.64580862071805,-0.309111472011534,0.758880006727565,1.35962456700775
"358",0.343781630858542,-0.97207011969082,0.412190277925394,-0.44401277882305,-1.19131781815339,0.269746059948545,-0.989658502731296,0.687140413299969,0.0749375071327274,-1.71850257134798
"359",-0.035286069550472,2.25110472304697,0.58322286084134,-0.143017294118772,0.436129559780132,-0.462614202065358,-1.51034907540477,-0.0318172768411039,-0.239543737895506,0.859052803588076
"360",0.558083513655357,0.430676643221815,1.41106688433523,-0.490829355516039,0.521093620947748,1.86212759116589,-0.603669974567219,0.158910291500617,0.25004937980277,3.1053755764846
"361",1.00579892504066,0.899523808143075,0.163448028848864,2.09053107761279,-0.544920719194887,1.37596068658362,-0.937584820089094,0.742389681497692,0.829814742171751,-0.875721001075737
"362",1.39335428571589,-0.0433111185182865,0.533186711845066,-0.241333115859844,0.125524267631782,-0.241445198733172,0.399753604594701,0.987691302004921,1.14225533708667,1.33456645607169
"363",1.7004746069259,0.448865160168212,1.24641990253387,-1.03927493014931,-0.155153890016527,-0.463838783146273,0.447209972153623,1.34526793243676,0.351127868716473,-0.423553664767134
"364",-0.436809409346641,0.502303358245776,-0.3709124030401,0.158831161168458,0.310903386658179,1.23405848062329,-0.859721294069497,-0.664156788237199,0.917457486672124,0.222469082150333
"365",-0.128711930156213,0.70943736838104,-0.779325161843483,0.612615119380288,0.40446436928848,0.301972182702847,0.193718215263399,-1.05213325537839,0.0557279196312074,0.161370577951166
"366",-2.66030934038686,-1.62018560350374,-0.119859950290338,1.22685015453219,0.362424739456628,0.59632386415007,-0.0481221358877698,1.02927707105734,-0.00939005229546389,1.13580000423579
"367",0.409416351815335,2.43344127235213,-0.94145405921293,-1.92265294562279,-1.97768571071354,-0.925240370997434,-0.984229908620479,0.274921797874042,-1.73569256240176,-1.17216289560854
"368",-0.137271190838717,-0.119058794200132,-0.801299167702047,0.430120072608786,1.97356995380391,1.0500124860497,0.204045286895284,1.65015327652036,0.252509195195385,1.19961704546987
"369",1.32364987900206,0.888230954753566,1.07707901158829,0.489322998627896,-0.50320911323253,0.0560719124462014,0.185901132282325,-0.266155961563655,-0.445075128013269,0.151363285912691
"370",-1.07513539027573,2.30573323556984,-0.689489928337366,-0.870675834383032,1.29826146925889,0.643622959769461,-2.00161892006983,-1.05591654939166,0.0750706682214814,-0.864850261926728
"371",-0.672145400628171,-0.829381839384453,-0.274043521736,-0.108043361105083,-0.804092555332224,-1.98264003906893,-0.356354979683329,-0.485590451571468,-0.28973201129879,-2.03908320191931
"372",0.231894150755247,-1.5520510154602,0.586181012515878,0.198112794629466,-0.713391123924276,0.744277736198879,-0.106277703927335,1.12043355267044,0.129614694093974,-0.925729536503666
"373",-2.29351960815935,-0.658364553155988,-0.0599775961598338,0.749480445758043,-0.0694689056219274,-0.635185666580997,-1.71133091627287,-0.441086564397713,-0.842411480421477,-0.975736925342707
"374",0.913442216466481,1.95746689525047,1.42131065871508,0.415883638850701,0.813120762729192,0.352539687745805,0.758400113243463,-0.138783045765433,0.0737068476359267,1.89867243019268
"375",-0.462426135606512,-0.08347735592796,0.0513546570091897,0.145788567670312,-0.915202356872,-2.14908223921313,-0.556498967481074,-0.296317769415124,-1.75404998666903,-0.458578580996008
"376",1.04718187996439,0.0855511985266982,1.43274574610298,0.808373444648393,0.275748993043361,0.458835875971753,-0.115128193993577,-0.554336608763238,0.102823843718015,-0.2861012130741
"377",0.640865208186471,-0.660320195115817,-0.481231381940559,1.1548509527768,0.651115317854166,-0.257757587710599,0.686502598985468,-1.47894147723032,0.284236420920401,-0.124264412324212
"378",-0.2177175483714,0.247775721247888,-0.533409492449304,-0.461740542847898,1.24835057623164,0.505909262956097,0.174590271418799,1.33669443127502,1.92089840398233,0.484861948396512
"379",0.00109762690081443,-0.0341831201097932,-0.763447644818506,-0.54781118150858,-0.950511961865128,0.31186963371726,0.929593163178605,2.4024488185511,0.518079069381839,-1.08497322505318
"380",0.69798439929303,-1.43025836603968,-0.403523744107158,0.33351582336809,-0.604195682502945,-1.31491455635154,-1.56114266541663,-1.46419228696074,-2.18573098927525,-1.21142003640739
"381",-0.295202962469253,-1.77529858333155,-0.22583372657654,-1.41439753442866,-3.14009452325164,-0.87839678391444,-0.759337383216147,-0.969542917503784,-0.511018116946847,-0.927881570052773
"382",1.03667577345762,1.56933642749227,-0.146284317565373,0.903896589057039,1.42890593300931,-1.28037398784397,-0.250623165398487,1.61127164500831,-0.26899332033875,0.793801624922928
"383",-0.746690524468606,0.824006831605217,-0.634380102372751,-0.627295514346626,-0.396762521210608,-0.665708761130912,-0.846591666604904,1.58082977345825,0.874693954565466,-1.08674911952743
"384",0.0405862826071257,-1.31567524185918,-0.214101076849884,-0.554687564766574,-1.83345594854596,-0.825586605470861,-0.101071006700468,-0.969841362198883,-0.139150113328557,-0.495689361532021
"385",0.717910664111678,-0.0903702260633503,0.931678461932916,-0.410067947657718,-0.270379043901303,-0.197515291230714,1.97989687013289,-0.128696474252926,-1.36224249607005,0.732242759575523
"386",1.30395576454081,0.646143974737728,-2.31590136689552,0.831981446152521,-0.126343837080235,0.122222109743946,-1.80750252484084,2.4219621980994,1.1226038853605,-0.789356079502024
"387",-1.31131934930919,0.136571598594738,-1.50858403418178,1.26438982209943,0.252086825971708,0.487737957721258,2.74359641031572,1.74025440495302,-0.967080763507436,-0.405236088143643
"388",-1.11019335067268,0.453149534935177,0.261517087304334,-0.846300628408039,-0.819764841299002,0.921475732267788,-0.148823244980981,0.528479284921857,0.369282901866606,-1.64392451048691
"389",-1.17893618553621,-0.655660468415121,-1.70151960539211,-0.901754915387817,-0.29040801983552,1.15665960923169,-1.69163955234825,-1.87918762683436,0.88652042306312,-1.67509117228781
"390",-1.79620650203585,0.682176780196004,-0.423782601392679,-0.202891074695564,0.647223256479092,0.0419330204053109,-1.77258615267551,1.13838344044229,-0.949827214146667,-0.928193396159952
"391",-0.325942912701368,0.423047520699948,0.785946166468421,-0.0764065804744081,0.16749786315448,-1.38247901316237,0.177846836356415,-0.676058167001978,-0.832645294355251,0.252795096948815
"392",-0.282448708478382,0.268362340650587,-1.19521069415721,0.0505552026959259,0.544498942802957,-0.0147989356192719,-0.687486414196737,0.938232671022641,0.896444614823853,0.455758544491127
"393",1.05656908427139,-1.03041119603693,0.847899590663398,-0.728538659134274,-1.1491012349679,0.0283237939802877,-1.19995153602531,1.14605698239873,-0.608904452148244,-0.210877466823153
"394",0.616550735823108,-0.805660747795187,-1.3569021100198,0.460114224115057,0.520661302103936,0.733038788349955,-0.439420785307764,0.543018605267334,0.73509071782725,0.765124520605922
"395",0.236746250904159,-0.856155872547445,0.361386266093379,0.003394277347374,0.457016419376158,0.315545019292627,0.286818155433055,-1.32690525677288,0.415995898553435,0.48420945029801
"396",-1.80925096915526,0.173088385964415,0.248150752428631,-0.162835800469213,-0.712778889186166,-0.872999111519208,-1.05772701780515,-0.583567843566689,-0.843861886165721,0.250116054015886
"397",-0.852849120526963,1.0955602606025,-0.790213295806302,-0.392199152612806,0.4452049573945,-0.137369140901027,-1.25272800921037,0.317552847820895,-0.88305162848877,0.265932484316772
"398",-0.792080642380252,-0.471802183207305,0.901452872127662,-0.853777953158451,-0.132885579230683,-0.550826074002151,-0.00484331973603667,-0.375969170969019,0.836208755141978,-0.095851397158288
"399",-0.567917780088235,-0.195562110444588,-0.751663610077415,0.187122813937555,1.21331989507355,-1.81459533691958,-0.0302109094778411,0.290020462572064,0.720889109010414,1.01200460546528
"400",-0.901492076708615,2.54958491692967,-1.14542637511457,0.0180583157658111,-0.86162125200895,-0.435077198623606,-2.66742838797228,1.36298404406287,-0.1074012804737,-1.11068043686199
"401",-0.0899513102563169,0.67886828898405,-0.161584066264011,-1.40185733012361,-0.911227863045759,-2.05042900542919,-0.368531059895465,0.397177770953004,-1.1611894635355,-0.285312749205478
"402",0.088422723410137,0.0144562927770704,0.845842904367418,2.54737798199257,0.0654122028289733,1.08656806637975,-0.722590054547586,0.729055987571602,0.731952142095175,-1.28830062677275
"403",0.79926534606806,0.109407502708272,-0.616574252513764,0.0483351755143308,-0.533131062019736,0.485729738391278,0.412837397849335,0.331430924203544,0.506805412415184,-1.12714984178802
"404",1.43871124633538,-0.112775814305436,0.39335148238213,0.558320367098514,-0.382192656129519,0.33811351892732,-1.3703330534084,-0.27311982211794,-0.681324364654704,-0.0839150051741954
"405",-1.24022929731935,0.800133177625781,-0.81834602992544,0.133655382820279,1.76831894519429,-1.24571615510591,-0.366240175650989,1.38864126650466,0.634941984835726,0.832881352972059
"406",1.08216310324578,-0.818024997944172,2.91778398367291,-0.172567122200162,-0.385221815051774,1.38383232674925,1.28428073205121,-1.97261287316008,0.718047714264139,0.67334050892319
"407",-1.39643087648899,0.629560511739249,0.314958051224722,0.59067627821548,0.173187330753058,0.532939077412633,-0.656313236449525,-0.452767003191863,0.212790593539742,-0.257869688003251
"408",-0.718469233115529,-0.960589805414587,-0.941399949736663,0.485576416823596,-1.04914089150457,0.0485625334080413,0.30060664550129,0.817265329593034,0.0263912063901286,-0.809561514385327
"409",0.385060053142135,-0.895345939077267,-1.33316754417584,-2.78845992415774,-0.739125581599971,-1.77812341404641,0.669194929994385,-1.43336568723757,0.586457366666721,0.0512947968306205
"410",0.527429751787973,0.0305309242916349,1.51472393613221,2.53789431803196,1.27246380098263,1.90391538668141,0.977992930025026,-0.0862284550494204,0.0855169119962725,0.00514215102783863
"411",0.885248021544241,0.40261239198892,-0.0506377812723175,-0.0692072294634512,1.8968262242959,0.533800323299315,-0.797491886216393,-0.0162871621727361,-0.866604525679034,0.565300203036481
"412",-1.01371832402775,-0.603872027739353,-0.53918451921863,1.28699943061022,0.197895683946893,-0.62395585153947,0.202906984196543,0.505699591923725,-0.707745085617874,2.16672589757234
"413",1.94127652642215,1.80810604014516,-0.0796023310618852,0.91973111797866,1.34241218883622,-0.301323019225523,0.345271990822745,0.84663201867593,1.26371977180275,0.223358880364365
"414",1.02406102692184,1.49250622858234,-0.42161769549481,0.11541642009378,1.16958978937182,0.473496262224275,-0.0415213322552798,-0.172656115151982,-0.162385253785366,0.209496588604933
"415",-0.750049994918097,0.900530134921381,-0.273487607665757,1.17381423391553,0.253050753512321,-0.421981617665052,0.197649324421792,1.08191747786926,0.641213978434328,1.06449653472141
"416",0.316833458340441,-1.14107165495273,0.381355353419665,-0.445791402769689,1.21034383107524,0.158250545165932,0.597515441504556,-1.270126376974,0.575048474588613,1.55133454430996
"417",1.44198112908936,1.74271986902285,0.226626418336066,1.56331514588281,1.69785445586715,0.668124691690329,1.47793109233816,-0.509333258701918,0.774135067970384,1.37202082959783
"418",-0.842380802655248,1.00408526715155,-0.34936395926511,-0.453758444362017,0.128263048626931,-0.675336496142872,0.493737827307223,-1.22214359077742,-0.0848313426620639,0.94213962057353
"419",-0.0875241063526006,-0.488053328697432,0.409255923971146,-0.411077891935424,0.563152697945692,0.509265185359354,-0.134060819058719,0.977034490350131,0.715241131298761,0.526987192674475
"420",0.462922011419191,-0.658154688720236,-0.146574880273165,-1.33410532146097,-1.24073548214376,-0.314688838238644,0.454683143674259,-0.643503709094538,-0.324508125344339,-2.67825041354539
"421",-0.272652748690826,1.49150340670656,-1.08343924034479,-1.6684243462421,-1.18832229388261,-0.335703658970427,0.0763097275966672,0.862622359367406,0.23185805589081,-0.363994325707626
"422",1.16028249725394,-0.49585007484149,0.813830641296389,0.72614831098003,1.04742061365755,1.08300424158266,1.09004967398035,1.23431346263697,0.0822775161346992,0.209918538604055
"423",-1.02391125933237,0.182692028980976,0.451214344379196,1.40899731218831,-1.27766724637255,0.625932205374605,1.42203538168949,-1.10507406844346,-1.02543825639817,0.692076378890036
"424",1.05195083434057,2.06188268939266,-1.12731373365293,0.922588683724605,1.50988841439541,-1.41048824769358,1.91748398673688,-1.10264921683251,-0.962284064115368,0.393262606092129
"425",-0.842876132736732,1.31472419787051,-1.55252592838369,-0.285723339831952,-0.455815102809811,-0.0470989988775837,0.934810216831444,0.459783406705814,-1.59565378417866,-0.812530567149311
"426",0.494620371565437,0.524428120783765,-0.385379258102223,-0.545733279629945,1.22497366670229,-0.875719777281655,-0.688560949028111,-0.521430336306439,0.883950966885414,-1.1170310565802
"427",0.524199738680629,-0.298591894717681,-0.310991930676121,0.395816446278714,0.908866016423808,0.985297498398469,0.513484155014756,-0.898214840656973,-0.814047289418241,1.01349211574478
"428",0.769139332074687,-0.174311062290071,0.362446232644899,0.731919129467002,0.317955088514535,-1.43192245534309,-0.769175453767265,-0.911383549876349,-0.814069214197341,-0.630612569842989
"429",-0.91198899040142,0.14076995246637,1.19963666737226,0.71154429492891,-0.308888565344672,0.666502627711988,0.671899703496526,-0.514113480118019,-1.16206121974042,-0.721764614329056
"430",-0.113484705133159,-0.319371323116514,-0.560664874329832,1.21431019727685,-0.412518258711391,-0.425719101716537,0.781712804803128,2.46556849683524,-0.0320359156193377,-0.908625727678299
"431",-3.16172919008024,0.816011579467099,-0.629434116559451,-0.900653581943061,-1.13759364666079,-0.695667378002075,0.0925189245113453,-1.16314397530559,-0.30118935022335,-2.05136977584207
"432",-0.930032956615545,0.0471682558960154,-0.520732310657194,0.968314918616818,-0.0639852609418585,0.141247891322318,0.3133529195674,2.07233709233946,-0.164226919545009,1.02653147436843
"433",-0.189344590484776,-0.126866582362481,0.70953357582082,0.338469552419344,1.15408414447402,-1.46364602926702,-0.149752864953082,0.220957969880307,0.856967277694264,0.0133066175475105
"434",0.62477841640501,-0.751026617773894,0.766423429954476,0.906330895963448,1.83022778319978,0.524703385700197,0.169956951007885,-0.707881335924873,1.43024439000914,0.870753083395162
"435",-1.06534320867626,-1.1519434241501,-0.909101377312166,0.837184243564233,-0.534442357590148,-0.857917950799341,0.379598231004295,-0.475878979060786,1.42484008758955,1.58148484853008
"436",0.671227002030109,0.498781628309884,1.51519510259184,-1.86734412727217,-1.31599749695909,0.680797589682234,0.640735636814097,-1.44909497991389,-1.97840958629338,-0.181544779004746
"437",-0.114850320536172,1.18768658662367,0.76751002698525,1.27554304294699,2.18791385629634,-0.337778802296991,0.420126296054375,0.0396940459506657,0.492605915989548,2.95061681333311
"438",1.44247743395666,1.9502618977553,-0.806119850436438,-1.14486725739671,0.445515763642574,-0.778389117991339,-0.0211289095234138,-0.860760870992109,-0.00649911946387902,1.41530444881196
"439",1.27890847541961,1.08315248820968,1.64434232700017,-0.480399242265636,0.854039980085706,-0.10713557407012,1.15800264224835,-1.6013309360249,1.0438743817419,0.768969901995191
"440",-1.45186062354122,-0.398270863915255,0.976740539424705,-0.521396217945934,-0.190801841621222,0.51979538228627,0.507842351164621,-1.74474496785263,-3.05415027361269,-1.34809477148382
"441",-1.36588736660606,-0.795947716356234,0.602586325266551,-1.0194456961032,-1.69404465818293,-0.641899859807467,0.993487907469883,-1.66095445871254,-0.952563479873121,0.465884048943484
"442",-0.0437511471795035,-0.734373669874873,0.535057422946841,-1.93983901541661,0.0413775585251578,0.842570337408706,0.121605814783106,-1.08197736390086,-0.532509554008367,0.775196093211378
"443",0.118069225217363,0.890909835308576,-0.428701550738597,-0.945629673502132,-0.544312321659258,-3.04228145258109,-0.84224445841777,-0.399971493331946,-0.996549126766716,-0.157693246784246
"444",-0.326133267630773,1.16499934899105,0.0651724351723676,-0.151627386286455,1.62964662297536,1.18344088355484,0.056497743125766,-0.562783832177572,-0.336814694582516,0.872484975695973
"445",0.771983839770607,-1.68980072278117,-1.02462081570179,-0.965204777116383,-1.17009337627683,-1.42179095297615,1.9007279827507,-1.82177030467564,-0.0856989674935645,0.874746604497218
"446",-1.78214666688391,1.18439784615906,-0.0948807631011928,1.98079314039838,0.991862677675667,0.852575775448471,-0.181365454188194,1.31929724916689,-1.53261384002972,0.199229448026987
"447",-0.320690529585207,-1.24124045801642,1.77515785547979,1.08072955525631,-1.36244648924739,0.0186502688020913,0.12235165113023,-0.880772706040255,-1.66555539276078,1.11983686592801
"448",0.729181668000624,-0.220984163429514,-0.468855544732986,0.306869834987448,0.985077554785611,-0.29673004010457,0.777222902060019,-0.29542339037179,-0.553493427024398,0.0843045322125855
"449",1.16773719107133,0.927214358063531,0.114866545280731,0.471889993835455,0.282080610755924,-0.654855994649982,-2.10719234193017,-0.115668602555144,0.840468148478071,0.0349976348796438
"450",-1.05616601786245,0.462944570800187,0.719206197431198,-0.757476281368527,-1.02486786211637,-0.804046717746284,0.555344872748635,-0.512856442319675,-0.705078459112936,1.20936010601466
"451",1.22542611557021,2.23643961799667,-0.0676742797959489,1.39222391711749,-0.206192261866194,-0.297135155994288,-0.81805438495635,-0.0441993836853825,1.7755954399165,1.53478834943953
"452",-0.823180105728184,1.40368508538296,-0.701571006833305,0.273261544396614,1.21742197645005,-0.715563022865307,-0.931175195835407,0.428081640022376,0.611303657513782,-0.0732957846632364
"453",1.1453444918989,-0.747986832328209,0.225342374322598,-1.25249376336468,-1.05638836124543,0.601501525774382,0.583223993582664,-0.733709489990482,-0.227052081630585,1.07538699967331
"454",-0.3751312681441,-0.997311462179056,0.525171556069714,0.571050483313994,-0.152662270040315,1.1822343887398,0.552109029365619,0.296653349851744,-0.742884193881571,0.944397600794531
"455",0.931482485171141,-0.486532351072784,1.0878845165498,0.421677239843108,-2.13539985431897,0.283430070149389,-0.159419477211431,0.812599592305059,-0.91526233605198,1.04313357268355
"456",-1.16649028237054,0.68647925452289,-0.355863384404676,1.05045313167587,0.821897863721119,-0.72371603306833,0.952921518968713,0.647636948467811,-0.867635206306695,0.550797421309525
"457",-0.52342218745878,0.740402102493855,-1.73291887645013,-0.254632485339131,-1.16713382288447,-0.399148093658067,-0.719922585329405,0.118360343238539,-1.46139841226512,-1.32621137061448
"458",-0.85013772691777,-0.254745051875562,-1.12398511066616,-0.116960570880965,0.887995032910693,-0.914157805621328,-1.63980540028012,-0.458309901873427,0.598141588939305,-0.958723881055872
"459",-1.68738615200542,-1.48488393115888,-2.09549627366539,-1.54057302311162,-1.17929847145688,-0.576932088536967,-3.89414972980088,-0.563512374178294,-0.344427810952012,-2.08917758080914
"460",1.38774326346977,0.607779865888857,-0.93266282059223,0.114765989157949,1.25677681344305,-0.620764573964389,-0.129685907438859,0.439237408186827,0.154814136527214,1.12512630643017
"461",-1.16364840673805,0.689228813241508,-0.11178425188382,-0.241595617664054,0.358576340188377,-0.0308045104566516,-2.26750578935334,0.0147948764581771,-0.704726298764056,-0.90141469006647
"462",-1.26300202829476,-0.783071218353675,-1.39472363159933,-0.0863849432596474,-1.62375336855374,-0.461220174560529,-0.57215595947249,0.0113004302197025,-0.985741987775439,-2.34177218147554
"463",0.00236463217504346,-1.4440262546449,-0.176721180080684,0.688921531651425,0.661000076422066,-0.69287873808093,-0.162671640637069,-1.44158166135818,-0.399936826745382,0.0656573721452807
"464",0.195210786743677,0.821100712817565,0.243184577803189,1.75212192704844,1.43427682570201,1.36123429606463,-0.0996387483280801,-1.50261369549316,0.35959599068142,-0.27345790374499
"465",0.250927749358499,-0.14801473755058,-0.591360589968388,1.56088567885891,0.47243399737458,0.707210767018955,-0.81763767656909,-0.0163580971084555,1.3937453924963,1.01302205039152
"466",0.0942691891047461,1.89849638019419,0.604609001981766,-0.954601122872313,0.711085940474502,-0.861977906038353,-0.00355775015190853,2.38829443777634,-0.896834009340978,-1.349554026093
"467",-0.566795281030565,-0.215538648984639,-0.966973558470483,-2.25161180609072,-1.5861911837588,-1.04829072386979,-0.779355366489955,1.99740943893344,-0.105077699831604,0.28218877553032
"468",0.347185831249692,-0.957425702288562,0.707024168121079,-0.756648481947756,-0.14135122919996,0.818104273188184,-0.0952956825602474,-1.74145171205061,-1.56941769726464,-0.523926833929428
"469",2.62987259383168,-0.533082582347449,1.30290550953673,1.32174579382396,1.27217456282349,2.47373211658452,-1.48520290458584,0.106494944411667,1.3967768811481,0.597567364717094
"470",0.344468509313199,0.298406009814459,-1.06146830662419,1.24789033250008,0.325576967012008,0.225843532433068,-0.30126122761603,2.17017220902976,0.406846936804864,-0.0371166965970307
"471",1.06917407455597,-0.225188640712275,0.175254912588171,-0.437551480834169,-0.189230413256222,0.467883681651072,1.40444074166181,-0.344896176375632,-0.621766883316394,-0.563077690654444
"472",0.741059852344563,0.540560009218123,1.45924528966847,1.02944096913155,-0.116610715246398,2.00728185229675,1.79918189020313,-0.430627398419329,0.935924295606056,-0.198991142052198
"473",0.19487784394191,0.326960624098416,-0.132604376448819,-0.893467046552896,-0.478732836621388,0.405595184577092,-1.10651636472556,0.853215019228397,-0.403426071938956,-1.43765519650907
"474",1.12276756142789,2.02093407077312,1.0999022565089,2.03444488170323,0.505786176006931,0.312204744107413,0.182597341150799,3.65515386185185,0.99370603124034,1.28675771779927
"475",0.402415484016306,-1.36191326654911,-1.37837067546466,-0.161575205341702,0.605963463139247,-1.69411307568219,-1.33943546299521,1.6822470139119,1.05625189257006,0.303817353685299
"476",0.500395701707561,-0.938396938472119,-0.46842183204954,-0.9010444517049,0.680017681096712,-0.629785684194764,-0.0921049941980206,0.237212959868227,0.889984738205008,1.56683862886337
"477",0.338074137252594,0.899509052399758,0.286156409722293,-0.00682353626516892,1.49394981677041,-0.0759505840985604,-1.17308587691796,0.0689549895895938,-0.254585857879877,0.128267638682281
"478",0.0804728970090946,0.500111515291269,0.347787682893955,0.110437969038735,0.026296910017399,-0.212786492324434,-0.677685514401449,0.613612913300115,-0.00196774794596676,0.69488705443567
"479",-1.77281790779058,-0.660765931710497,-0.359156820492088,-0.485168653405862,0.203863521502589,0.45139903028402,-0.605766016301491,-0.0589063122850574,-0.826972759176312,1.7111229826954
"480",0.687287025895405,-2.47677157014118,0.764148859724951,0.169025950652337,-1.97742197913017,0.0329178661499188,3.75943881231318,-0.66881039834439,-2.11814747952396,1.17077011422036
"481",-1.29746681114615,-1.35437018231015,-0.61207732448672,0.623332255216031,0.705718934853631,-1.12470460066845,-0.817909115013572,0.102003900487353,0.940736822592059,1.99990066078192
"482",1.5378781841183,1.08359421545696,1.12332542320292,2.45911132388818,1.32370373278376,1.80751219805058,-1.4574675269095,-0.420973778507058,0.669214070865088,0.384993214407843
"483",0.988127669321773,1.87020052198332,0.618725270974054,1.03892411569464,0.476077075667127,0.287154195929298,0.340732154088685,2.13749953935846,-0.156611940316293,0.602587272389882
"484",-1.0043197287539,1.95613583361556,0.043177888483386,2.46577392171321,1.216946588802,1.60723906998839,1.0029278721602,-0.693428017901478,-1.31479616373857,1.82361759907427
"485",-0.126048919648414,-1.9665565231072,0.564717230129119,0.108911253413426,0.316925113501797,-0.205133508309985,-0.334606962449555,-2.13052354434941,0.103833396976882,-1.51920496714591
"486",0.000775628131250825,1.55667045260017,0.301237679985266,-1.23177790608857,0.667270388981387,-0.908427560579864,-0.159789032621176,0.0825985608927212,0.892526116500054,0.163053265438701
"487",-1.66994293026924,-0.305424239006944,0.357283500696972,0.328640279310812,0.0700113802303121,0.096961104443358,-0.0873040479898122,0.886116471325555,-0.232161055720763,-0.8153366859027
"488",-0.805574304569356,1.93451270497143,-1.88131967151698,1.0086431399156,2.53850538180666,0.0557471002185247,-1.78399859831599,1.80982172178066,2.05589714628346,1.14712687573222
"489",-0.0396292882806741,-0.681348459402427,-0.726077836128498,-0.12236963408875,-0.0626462848541761,-0.598074604169632,1.01018772496319,2.39239341297599,-0.259758180741395,2.01419286955178
"490",0.533864813015818,1.78586892933533,-0.48046717958029,0.0417942716808778,0.101277209105518,-0.724684573210021,-1.0988711285526,0.000690748115659216,-1.05580076782758,-1.03816606656808
"491",0.4404594621919,-0.44794777026798,-0.51874828557576,-0.137139636112257,0.802407833074376,-1.23916202562603,-0.616354201919544,0.0369619533134567,0.261002586600747,1.25941801484945
"492",0.454272968902169,-0.607985162565522,-0.385736448699889,-0.758567415704244,0.138877931596457,1.09797967962361,1.12282149028603,0.553969326923978,-0.731381751173577,0.0167263664309592
"493",0.786767543302112,-1.05625897378926,0.489545672708891,-0.308021991414718,0.257499647245284,-0.404059809651445,-0.714685940174751,-0.688569746683558,0.71500380967398,0.275366558878818
"494",-0.638558325981189,-0.457341710728078,-0.608114718866448,-1.34761849516424,-1.70650339589939,-0.97984523463583,-0.0655063479383957,1.5713231278948,0.323201201382869,-0.800216379815126
"495",0.296526847653452,0.176419682282489,-0.349453320348482,-0.542944870064939,0.755735271927735,-0.706502969317798,-0.422167366652931,-0.0514187258676031,1.64575251833588,1.2675108628139
"496",0.498532503426425,0.157993199762414,-0.128092777419779,-0.783871104414994,0.0244968053999985,-2.19806536878363,-1.0728001074934,-0.976522048922706,-0.571652055379356,1.30299731684351
"497",0.638883180649119,-1.27791363998626,-0.707190180464451,0.45223141576887,-1.49849342998367,-0.104231905463237,-0.0754153205397711,-1.00965027022985,-0.39058082924626,-0.235734481344616
"498",-0.423979306925554,1.37735307806031,-0.080785748992289,0.0447713505745521,1.94689848142932,-0.872186146315195,0.293677600297539,1.26094177401271,0.449488887502782,1.29781227042918
"499",0.70491187893096,-0.698925978275203,-0.206549033400893,1.34812144328966,-0.232641010150521,0.764251415165528,0.584645198325093,-0.596877880728839,-1.22051700265529,-0.861987735833028
"500",-0.0277480435714032,0.667183673957722,0.203316511396744,0.905555378826184,0.457022997716554,0.233702986253005,0.144323068468551,-0.627416351209706,-0.750179007940539,-1.02238637859566